,word,number,percent_of_count
0,captain,273,2.3421413864104323
1,doctor,58,0.49759780370624573
2,would,57,0.48901853122855177
3,one,56,0.4804392587508579
4,ship,49,0.42038435140700064
5,yes,40,0.34317089910775567
7,may,34,0.2916952642415923
8,time,32,0.27453671928620454
9,life,31,0.26595744680851063
10,believe,30,0.2573781743308167
11,planet,29,0.24879890185312287
12,could,28,0.24021962937542896
13,second,27,0.23164035689773507
14,two,27,0.23164035689773507
15,energy,27,0.23164035689773507
16,must,27,0.23164035689773507
17,sir,26,0.2230610844200412
18,point,25,0.2144818119423473
19,enterprise,23,0.1973232669869595
20,power,23,0.1973232669869595
21,star,22,0.1887439945092656
22,field,22,0.1887439945092656
23,reading,21,0.18016472203157172
24,something,20,0.17158544955387783
25,vulcan,20,0.17158544955387783
26,mister,19,0.16300617707618395
27,course,19,0.16300617707618395
28,perhaps,19,0.16300617707618395
29,thought,18,0.15442690459849004
30,thing,18,0.15442690459849004
31,sensor,18,0.15442690459849004
32,seems,17,0.14584763212079616
33,computer,17,0.14584763212079616
34,find,17,0.14584763212079616
35,know,16,0.13726835964310227
36,like,15,0.12868908716540836
37,system,15,0.12868908716540836
38,mccoy,15,0.12868908716540836
39,go,15,0.12868908716540836
40,seem,15,0.12868908716540836
41,think,15,0.12868908716540836
42,lieutenant,15,0.12868908716540836
43,vessel,15,0.12868908716540836
44,appears,15,0.12868908716540836
45,thirty,14,0.12010981468771448
46,logical,14,0.12010981468771448
47,come,14,0.12010981468771448
48,spock,14,0.12010981468771448
49,suggest,14,0.12010981468771448
50,might,14,0.12010981468771448
51,force,14,0.12010981468771448
52,contact,14,0.12010981468771448
53,stasis,14,0.12010981468771448
54,apparently,14,0.12010981468771448
55,quite,13,0.1115305422100206
56,form,13,0.1115305422100206
57,way,13,0.1115305422100206
58,say,13,0.1115305422100206
59,many,13,0.1115305422100206
60,three,12,0.10295126973232671
61,eight,12,0.10295126973232671
62,year,12,0.10295126973232671
63,alien,12,0.10295126973232671
64,able,12,0.10295126973232671
65,long,12,0.10295126973232671
66,back,12,0.10295126973232671
67,universe,12,0.10295126973232671
68,first,12,0.10295126973232671
69,indicate,12,0.10295126973232671
70,weapon,12,0.10295126973232671
71,box,12,0.10295126973232671
72,possible,11,0.0943719972546328
73,assume,11,0.0943719972546328
74,earth,11,0.0943719972546328
75,log,11,0.0943719972546328
76,known,11,0.0943719972546328
77,get,11,0.0943719972546328
78,much,11,0.0943719972546328
79,small,11,0.0943719972546328
80,become,11,0.0943719972546328
81,correct,11,0.0943719972546328
82,made,11,0.0943719972546328
83,present,11,0.0943719972546328
84,still,11,0.0943719972546328
85,appear,11,0.0943719972546328
86,another,11,0.0943719972546328
87,fascinating,11,0.0943719972546328
88,federation,11,0.0943719972546328
89,nine,10,0.08579272477693892
90,starship,10,0.08579272477693892
91,warp,10,0.08579272477693892
92,anything,10,0.08579272477693892
93,five,10,0.08579272477693892
94,without,10,0.08579272477693892
95,human,10,0.08579272477693892
96,father,10,0.08579272477693892
97,see,10,0.08579272477693892
98,trek,10,0.08579272477693892
99,copyright,10,0.08579272477693892
100,cloud,10,0.08579272477693892
101,also,10,0.08579272477693892
102,minute,10,0.08579272477693892
103,kzinti,10,0.08579272477693892
104,aboard,9,0.07721345229924502
105,kind,9,0.07721345229924502
106,crew,9,0.07721345229924502
107,use,9,0.07721345229924502
108,almost,9,0.07721345229924502
109,exactly,9,0.07721345229924502
110,mind,9,0.07721345229924502
111,take,9,0.07721345229924502
112,yet,9,0.07721345229924502
113,well,9,0.07721345229924502
114,else,9,0.07721345229924502
115,purpose,9,0.07721345229924502
116,intelligent,9,0.07721345229924502
117,nothing,8,0.06863417982155114
118,normal,8,0.06863417982155114
119,natural,8,0.06863417982155114
120,strange,8,0.06863417982155114
121,full,8,0.06863417982155114
122,control,8,0.06863417982155114
123,area,8,0.06863417982155114
124,body,8,0.06863417982155114
125,child,8,0.06863417982155114
126,good,8,0.06863417982155114
127,being,8,0.06863417982155114
128,twenty,8,0.06863417982155114
129,communicator,8,0.06863417982155114
130,chapel,8,0.06863417982155114
131,beyond,8,0.06863417982155114
132,order,8,0.06863417982155114
133,nova,8,0.06863417982155114
134,ever,7,0.06005490734385724
135,mass,7,0.06005490734385724
136,matter,7,0.06005490734385724
137,every,7,0.06005490734385724
138,seven,7,0.06005490734385724
139,need,7,0.06005490734385724
140,people,7,0.06005490734385724
141,effect,7,0.06005490734385724
142,within,7,0.06005490734385724
143,scott,7,0.06005490734385724
144,level,7,0.06005490734385724
145,mother,7,0.06005490734385724
146,young,7,0.06005490734385724
147,day,7,0.06005490734385724
148,commander,7,0.06005490734385724
149,le,7,0.06005490734385724
150,ancient,7,0.06005490734385724
151,strength,7,0.06005490734385724
152,thank,7,0.06005490734385724
153,healer,7,0.06005490734385724
154,please,7,0.06005490734385724
155,enough,7,0.06005490734385724
156,different,7,0.06005490734385724
157,living,7,0.06005490734385724
158,brain,7,0.06005490734385724
159,creature,7,0.06005490734385724
160,however,7,0.06005490734385724
161,structure,7,0.06005490734385724
162,limit,7,0.06005490734385724
163,medical,7,0.06005490734385724
164,specie,7,0.06005490734385724
165,beta,7,0.06005490734385724
166,speed,7,0.06005490734385724
167,plague,7,0.06005490734385724
168,magnetic,6,0.051475634866163356
169,probability,6,0.051475634866163356
170,far,6,0.051475634866163356
171,possibility,6,0.051475634866163356
172,found,6,0.051475634866163356
173,data,6,0.051475634866163356
174,report,6,0.051475634866163356
175,six,6,0.051475634866163356
176,high,6,0.051475634866163356
177,centre,6,0.051475634866163356
178,question,6,0.051475634866163356
179,age,6,0.051475634866163356
180,cousin,6,0.051475634866163356
181,never,6,0.051475634866163356
182,saw,6,0.051475634866163356
183,old,6,0.051475634866163356
184,work,6,0.051475634866163356
185,away,6,0.051475634866163356
186,duty,6,0.051475634866163356
187,change,6,0.051475634866163356
188,consume,6,0.051475634866163356
189,galaxy,6,0.051475634866163356
190,hand,6,0.051475634866163356
191,impossible,6,0.051475634866163356
192,moment,6,0.051475634866163356
193,sure,6,0.051475634866163356
194,listen,6,0.051475634866163356
195,escape,6,0.051475634866163356
196,incredible,6,0.051475634866163356
197,party,6,0.051475634866163356
198,uhura,6,0.051475634866163356
199,miss,6,0.051475634866163356
200,christine,6,0.051475634866163356
201,klingon,6,0.051475634866163356
202,battle,6,0.051475634866163356
203,safe,6,0.051475634866163356
204,space,6,0.051475634866163356
205,winston,6,0.051475634866163356
206,general,6,0.051475634866163356
207,race,6,0.051475634866163356
208,mean,6,0.051475634866163356
209,give,6,0.051475634866163356
210,even,6,0.051475634866163356
211,condition,6,0.051475634866163356
212,slaver,6,0.051475634866163356
213,setting,6,0.051475634866163356
214,beam,6,0.051475634866163356
215,negative,5,0.04289636238846946
216,analysis,5,0.04289636238846946
217,dead,5,0.04289636238846946
218,flux,5,0.04289636238846946
219,metal,5,0.04289636238846946
220,unknown,5,0.04289636238846946
221,little,5,0.04289636238846946
222,gravity,5,0.04289636238846946
223,equipment,5,0.04289636238846946
224,key,5,0.04289636238846946
225,capable,5,0.04289636238846946
226,man,5,0.04289636238846946
227,wish,5,0.04289636238846946
228,ask,5,0.04289636238846946
229,sarek,5,0.04289636238846946
230,family,5,0.04289636238846946
231,son,5,0.04289636238846946
232,test,5,0.04289636238846946
233,saved,5,0.04289636238846946
234,desert,5,0.04289636238846946
235,recall,5,0.04289636238846946
236,others,5,0.04289636238846946
237,ordeal,5,0.04289636238846946
238,soon,5,0.04289636238846946
239,personal,5,0.04289636238846946
240,logic,5,0.04289636238846946
241,alone,5,0.04289636238846946
242,move,5,0.04289636238846946
243,woman,5,0.04289636238846946
244,afraid,5,0.04289636238846946
245,understand,5,0.04289636238846946
246,fight,5,0.04289636238846946
247,danger,5,0.04289636238846946
248,help,5,0.04289636238846946
249,try,5,0.04289636238846946
250,shall,5,0.04289636238846946
251,episode,5,0.04289636238846946
252,listingstar,5,0.04289636238846946
253,related,5,0.04289636238846946
254,mark,5,0.04289636238846946
255,trademark,5,0.04289636238846946
256,studio,5,0.04289636238846946
257,inc,5,0.04289636238846946
258,web,5,0.04289636238846946
259,page,5,0.04289636238846946
260,site,5,0.04289636238846946
261,educational,5,0.04289636238846946
262,entertainment,5,0.04289636238846946
263,property,5,0.04289636238846946
264,respective,5,0.04289636238846946
265,holder,5,0.04289636238846946
266,ability,5,0.04289636238846946
267,object,5,0.04289636238846946
268,highly,5,0.04289636238846946
269,since,5,0.04289636238846946
270,action,5,0.04289636238846946
271,came,5,0.04289636238846946
272,going,5,0.04289636238846946
273,return,5,0.04289636238846946
274,probe,5,0.04289636238846946
275,distance,5,0.04289636238846946
276,function,5,0.04289636238846946
277,ten,5,0.04289636238846946
278,longer,5,0.04289636238846946
279,ca,5,0.04289636238846946
280,reason,5,0.04289636238846946
281,picking,5,0.04289636238846946
282,record,5,0.04289636238846946
283,shield,5,0.04289636238846946
284,kirk,5,0.04289636238846946
285,approximately,5,0.04289636238846946
286,answer,5,0.04289636238846946
287,knowledge,5,0.04289636238846946
288,certain,5,0.04289636238846946
289,nurse,5,0.04289636238846946
290,wave,5,0.04289636238846946
291,sulu,5,0.04289636238846946
292,legend,5,0.04289636238846946
293,zoo,5,0.04289636238846946
294,vedala,5,0.04289636238846946
295,command,5,0.04289636238846946
296,ninety,4,0.03431708991077557
297,forty,4,0.03431708991077557
298,support,4,0.03431708991077557
299,except,4,0.03431708991077557
300,design,4,0.03431708991077557
301,hundred,4,0.03431708991077557
302,shape,4,0.03431708991077557
303,precisely,4,0.03431708991077557
304,building,4,0.03431708991077557
305,light,4,0.03431708991077557
306,around,4,0.03431708991077557
307,primitive,4,0.03431708991077557
308,possibly,4,0.03431708991077557
309,right,4,0.03431708991077557
310,stay,4,0.03431708991077557
311,core,4,0.03431708991077557
312,memory,4,0.03431708991077557
313,electronic,4,0.03431708991077557
314,growing,4,0.03431708991077557
315,remain,4,0.03431708991077557
316,animal,4,0.03431708991077557
317,remember,4,0.03431708991077557
318,city,4,0.03431708991077557
319,true,4,0.03431708991077557
320,live,4,0.03431708991077557
321,god,4,0.03431708991077557
322,difficult,4,0.03431708991077557
323,lost,4,0.03431708991077557
324,stardate,4,0.03431708991077557
325,changed,4,0.03431708991077557
326,keep,4,0.03431708991077557
327,determine,4,0.03431708991077557
328,want,4,0.03431708991077557
329,emotion,4,0.03431708991077557
330,experience,4,0.03431708991077557
331,claw,4,0.03431708991077557
332,ago,4,0.03431708991077557
333,direction,4,0.03431708991077557
334,approaching,4,0.03431708991077557
335,curious,4,0.03431708991077557
336,combination,4,0.03431708991077557
337,smaller,4,0.03431708991077557
338,food,4,0.03431708991077557
339,identity,4,0.03431708991077557
340,theory,4,0.03431708991077557
341,alive,4,0.03431708991077557
342,starfleet,4,0.03431708991077557
343,reach,4,0.03431708991077557
344,four,4,0.03431708991077557
345,transporter,4,0.03431708991077557
346,molecular,4,0.03431708991077557
347,pattern,4,0.03431708991077557
348,hit,4,0.03431708991077557
349,great,4,0.03431708991077557
350,attack,4,0.03431708991077557
351,obviously,4,0.03431708991077557
352,hour,4,0.03431708991077557
353,available,4,0.03431708991077557
354,agreed,4,0.03431708991077557
355,zone,4,0.03431708991077557
356,place,4,0.03431708991077557
357,size,4,0.03431708991077557
358,put,4,0.03431708991077557
359,damage,4,0.03431708991077557
360,romulan,4,0.03431708991077557
361,supply,4,0.03431708991077557
362,interesting,4,0.03431708991077557
363,deflector,4,0.03431708991077557
364,observation,4,0.03431708991077557
365,device,4,0.03431708991077557
366,result,4,0.03431708991077557
367,used,4,0.03431708991077557
368,operate,4,0.03431708991077557
369,lucien,4,0.03431708991077557
370,last,4,0.03431708991077557
371,complex,4,0.03431708991077557
372,information,4,0.03431708991077557
373,real,4,0.03431708991077557
374,summary,4,0.03431708991077557
375,class,4,0.03431708991077557
376,illogical,4,0.03431708991077557
377,love,4,0.03431708991077557
378,word,4,0.03431708991077557
379,rather,4,0.03431708991077557
380,close,4,0.03431708991077557
381,none,4,0.03431708991077557
382,phasers,4,0.03431708991077557
383,disappearance,4,0.03431708991077557
384,century,4,0.03431708991077557
385,break,4,0.03431708991077557
386,reverse,4,0.03431708991077557
387,intelligence,4,0.03431708991077557
388,left,4,0.03431708991077557
389,obvious,4,0.03431708991077557
390,flow,4,0.03431708991077557
391,unable,4,0.03431708991077557
392,antidote,4,0.03431708991077557
393,niobe,4,0.03431708991077557
394,born,4,0.03431708991077557
395,powerful,3,0.025737817433081678
396,toward,3,0.025737817433081678
397,alloy,3,0.025737817433081678
398,recorded,3,0.025737817433081678
399,galactic,3,0.025737817433081678
400,orbit,3,0.025737817433081678
401,suggests,3,0.025737817433081678
402,consider,3,0.025737817433081678
403,destroyed,3,0.025737817433081678
404,registering,3,0.025737817433081678
405,symptom,3,0.025737817433081678
406,fear,3,0.025737817433081678
407,interference,3,0.025737817433081678
408,source,3,0.025737817433081678
409,part,3,0.025737817433081678
410,technology,3,0.025737817433081678
411,higher,3,0.025737817433081678
412,dangerous,3,0.025737817433081678
413,deck,3,0.025737817433081678
414,activated,3,0.025737817433081678
415,organism,3,0.025737817433081678
416,us,3,0.025737817433081678
417,encounter,3,0.025737817433081678
418,affirmative,3,0.025737817433081678
419,affected,3,0.025737817433081678
420,mission,3,0.025737817433081678
421,name,3,0.025737817433081678
422,tasmeen,3,0.025737817433081678
423,clearly,3,0.025737817433081678
424,clear,3,0.025737817433081678
425,past,3,0.025737817433081678
426,near,3,0.025737817433081678
427,said,3,0.025737817433081678
428,doubt,3,0.025737817433081678
429,learn,3,0.025737817433081678
430,travel,3,0.025737817433081678
431,boy,3,0.025737817433081678
432,warrior,3,0.025737817433081678
433,turned,3,0.025737817433081678
434,pure,3,0.025737817433081678
435,making,3,0.025737817433081678
436,always,3,0.025737817433081678
437,fail,3,0.025737817433081678
438,lack,3,0.025737817433081678
439,deal,3,0.025737817433081678
440,struck,3,0.025737817433081678
441,dying,3,0.025737817433081678
442,unless,3,0.025737817433081678
443,bring,3,0.025737817433081678
444,decision,3,0.025737817433081678
445,friend,3,0.025737817433081678
446,working,3,0.025737817433081678
447,call,3,0.025737817433081678
448,mine,3,0.025737817433081678
449,lose,3,0.025737817433081678
450,peace,3,0.025737817433081678
451,excuse,3,0.025737817433081678
452,make,3,0.025737817433081678
453,range,3,0.025737817433081678
454,alondra,3,0.025737817433081678
455,nature,3,0.025737817433081678
456,seek,3,0.025737817433081678
457,getting,3,0.025737817433081678
458,unusual,3,0.025737817433081678
459,similar,3,0.025737817433081678
460,fourteen,3,0.025737817433081678
461,fact,3,0.025737817433081678
462,entire,3,0.025737817433081678
463,impulse,3,0.025737817433081678
464,factor,3,0.025737817433081678
465,hold,3,0.025737817433081678
466,ahead,3,0.025737817433081678
467,best,3,0.025737817433081678
468,origin,3,0.025737817433081678
469,repeat,3,0.025737817433081678
470,supplemental,3,0.025737817433081678
471,odds,3,0.025737817433081678
472,surface,3,0.025737817433081678
473,remarkable,3,0.025737817433081678
474,respond,3,0.025737817433081678
475,either,3,0.025737817433081678
476,new,3,0.025737817433081678
477,probably,3,0.025737817433081678
478,tribbles,3,0.025737817433081678
479,enter,3,0.025737817433081678
480,capability,3,0.025737817433081678
481,mistake,3,0.025737817433081678
482,wo,3,0.025737817433081678
483,effective,3,0.025737817433081678
484,carter,3,0.025737817433081678
485,especially,3,0.025737817433081678
486,security,3,0.025737817433081678
487,show,3,0.025737817433081678
488,needed,3,0.025737817433081678
489,rest,3,0.025737817433081678
490,error,3,0.025737817433081678
491,reaction,3,0.025737817433081678
492,laboratory,3,0.025737817433081678
493,intruder,3,0.025737817433081678
494,alert,3,0.025737817433081678
495,assuming,3,0.025737817433081678
496,particular,3,0.025737817433081678
497,percent,3,0.025737817433081678
498,previous,3,0.025737817433081678
499,civilisation,3,0.025737817433081678
500,science,3,0.025737817433081678
501,survey,3,0.025737817433081678
502,hope,3,0.025737817433081678
503,allow,3,0.025737817433081678
504,watch,3,0.025737817433081678
505,piece,3,0.025737817433081678
506,witness,3,0.025737817433081678
507,heart,3,0.025737817433081678
508,tricorder,3,0.025737817433081678
509,subject,3,0.025737817433081678
510,content,3,0.025737817433081678
511,safety,3,0.025737817433081678
512,travelling,3,0.025737817433081678
513,number,3,0.025737817433081678
514,lead,3,0.025737817433081678
515,stand,3,0.025737817433081678
516,idea,3,0.025737817433081678
517,random,3,0.025737817433081678
518,entirely,3,0.025737817433081678
519,dilithium,3,0.025737817433081678
520,case,3,0.025737817433081678
521,descendant,3,0.025737817433081678
522,colony,3,0.025737817433081678
523,state,3,0.025737817433081678
524,type,3,0.025737817433081678
525,given,3,0.025737817433081678
526,necessarily,3,0.025737817433081678
527,sabotage,3,0.025737817433081678
528,specimen,3,0.025737817433081678
529,value,3,0.025737817433081678
530,mutation,3,0.025737817433081678
531,lyrae,3,0.025737817433081678
532,likely,3,0.025737817433081678
533,female,3,0.025737817433081678
534,seen,3,0.025737817433081678
535,impression,3,0.025737817433081678
536,advanced,3,0.025737817433081678
537,laughing,3,0.025737817433081678
538,concentrate,3,0.025737817433081678
539,expected,3,0.025737817433081678
540,flexible,3,0.025737817433081678
541,younger,3,0.025737817433081678
542,hmm,3,0.025737817433081678
543,coincidence,3,0.025737817433081678
544,officer,3,0.025737817433081678
545,reversed,3,0.025737817433081678
546,dramia,3,0.025737817433081678
547,pigmentation,3,0.025737817433081678
548,trial,3,0.025737817433081678
549,brought,3,0.025737817433081678
550,globe,3,0.025737817433081678
551,kukulkan,3,0.025737817433081678
552,tractor,3,0.025737817433081678
553,twelve,3,0.025737817433081678
554,occupy,3,0.025737817433081678
555,spectrum,2,0.017158544955387784
556,impact,2,0.017158544955387784
557,confirmed,2,0.017158544955387784
558,temperature,2,0.017158544955387784
559,message,2,0.017158544955387784
560,lighter,2,0.017158544955387784
561,registered,2,0.017158544955387784
562,date,2,0.017158544955387784
563,slightly,2,0.017158544955387784
564,drive,2,0.017158544955387784
565,window,2,0.017158544955387784
566,cell,2,0.017158544955387784
567,shaped,2,0.017158544955387784
568,stronger,2,0.017158544955387784
569,accident,2,0.017158544955387784
570,seldom,2,0.017158544955387784
571,beamed,2,0.017158544955387784
572,later,2,0.017158544955387784
573,attract,2,0.017158544955387784
574,physiological,2,0.017158544955387784
575,primal,2,0.017158544955387784
576,superstition,2,0.017158544955387784
577,artificial,2,0.017158544955387784
578,air,2,0.017158544955387784
579,sort,2,0.017158544955387784
580,trying,2,0.017158544955387784
581,reacting,2,0.017158544955387784
582,line,2,0.017158544955387784
583,bridge,2,0.017158544955387784
584,prepared,2,0.017158544955387784
585,trouble,2,0.017158544955387784
586,engineering,2,0.017158544955387784
587,circuit,2,0.017158544955387784
588,magnetised,2,0.017158544955387784
589,metre,2,0.017158544955387784
590,bank,2,0.017158544955387784
591,rank,2,0.017158544955387784
592,blood,2,0.017158544955387784
593,reproduce,2,0.017158544955387784
594,conclusion,2,0.017158544955387784
595,died,2,0.017158544955387784
596,period,2,0.017158544955387784
597,twentieth,2,0.017158544955387784
598,attacked,2,0.017158544955387784
599,selek,2,0.017158544955387784
600,everything,2,0.017158544955387784
601,detail,2,0.017158544955387784
602,visit,2,0.017158544955387784
603,month,2,0.017158544955387784
604,location,2,0.017158544955387784
605,honour,2,0.017158544955387784
606,wrong,2,0.017158544955387784
607,lady,2,0.017158544955387784
608,amanda,2,0.017158544955387784
609,bear,2,0.017158544955387784
610,tomorrow,2,0.017158544955387784
611,done,2,0.017158544955387784
612,disrupt,2,0.017158544955387784
613,maintain,2,0.017158544955387784
614,home,2,0.017158544955387784
615,llangon,2,0.017158544955387784
616,mountain,2,0.017158544955387784
617,upon,2,0.017158544955387784
618,neck,2,0.017158544955387784
619,pinch,2,0.017158544955387784
620,followed,2,0.017158544955387784
621,worried,2,0.017158544955387784
622,strong,2,0.017158544955387784
623,offer,2,0.017158544955387784
624,poison,2,0.017158544955387784
625,sehlat,2,0.017158544955387784
626,fought,2,0.017158544955387784
627,large,2,0.017158544955387784
628,journey,2,0.017158544955387784
629,across,2,0.017158544955387784
630,hurry,2,0.017158544955387784
631,face,2,0.017158544955387784
632,loss,2,0.017158544955387784
633,understanding,2,0.017158544955387784
634,end,2,0.017158544955387784
635,release,2,0.017158544955387784
636,dy,2,0.017158544955387784
637,necessary,2,0.017158544955387784
638,chosen,2,0.017158544955387784
639,thousand,2,0.017158544955387784
640,kilometre,2,0.017158544955387784
641,depth,2,0.017158544955387784
642,assumption,2,0.017158544955387784
643,element,2,0.017158544955387784
644,table,2,0.017158544955387784
645,opinion,2,0.017158544955387784
646,outside,2,0.017158544955387784
647,absorb,2,0.017158544955387784
648,phaser,2,0.017158544955387784
649,charged,2,0.017158544955387784
650,antimatter,2,0.017158544955387784
651,beginning,2,0.017158544955387784
652,agree,2,0.017158544955387784
653,mantilles,2,0.017158544955387784
654,important,2,0.017158544955387784
655,top,2,0.017158544955387784
656,electrical,2,0.017158544955387784
657,activity,2,0.017158544955387784
658,regulation,2,0.017158544955387784
659,assure,2,0.017158544955387784
660,completely,2,0.017158544955387784
661,strike,2,0.017158544955387784
662,require,2,0.017158544955387784
663,ready,2,0.017158544955387784
664,someone,2,0.017158544955387784
665,inside,2,0.017158544955387784
666,spaceship,2,0.017158544955387784
667,sense,2,0.017158544955387784
668,closely,2,0.017158544955387784
669,die,2,0.017158544955387784
670,explain,2,0.017158544955387784
671,truth,2,0.017158544955387784
672,grid,2,0.017158544955387784
673,probed,2,0.017158544955387784
674,signal,2,0.017158544955387784
675,extreme,2,0.017158544955387784
676,created,2,0.017158544955387784
677,odd,2,0.017158544955387784
678,men,2,0.017158544955387784
679,visual,2,0.017158544955387784
680,influence,2,0.017158544955387784
681,indicated,2,0.017158544955387784
682,internal,2,0.017158544955387784
683,difference,2,0.017158544955387784
684,practical,2,0.017158544955387784
685,lock,2,0.017158544955387784
686,vital,2,0.017158544955387784
687,aging,2,0.017158544955387784
688,per,2,0.017158544955387784
689,wiser,2,0.017158544955387784
690,temple,2,0.017158544955387784
691,request,2,0.017158544955387784
692,rescue,2,0.017158544955387784
693,commanding,2,0.017158544955387784
694,grain,2,0.017158544955387784
695,capacity,2,0.017158544955387784
696,term,2,0.017158544955387784
697,rarely,2,0.017158544955387784
698,fire,2,0.017158544955387784
699,immobilizes,2,0.017158544955387784
700,attacking,2,0.017158544955387784
701,recharge,2,0.017158544955387784
702,robot,2,0.017158544955387784
703,prevent,2,0.017158544955387784
704,veering,2,0.017158544955387784
705,running,2,0.017158544955387784
706,tow,2,0.017158544955387784
707,tape,2,0.017158544955387784
708,immediate,2,0.017158544955387784
709,examination,2,0.017158544955387784
710,standard,2,0.017158544955387784
711,library,2,0.017158544955387784
712,prudent,2,0.017158544955387784
713,admirable,2,0.017158544955387784
714,neutral,2,0.017158544955387784
715,notice,2,0.017158544955387784
716,asked,2,0.017158544955387784
717,realised,2,0.017158544955387784
718,vendorian,2,0.017158544955387784
719,rearrange,2,0.017158544955387784
720,team,2,0.017158544955387784
721,sign,2,0.017158544955387784
722,decided,2,0.017158544955387784
723,firing,2,0.017158544955387784
724,atom,2,0.017158544955387784
725,wall,2,0.017158544955387784
726,protect,2,0.017158544955387784
727,method,2,0.017158544955387784
728,communication,2,0.017158544955387784
729,density,2,0.017158544955387784
730,infinite,2,0.017158544955387784
731,create,2,0.017158544955387784
732,behaviour,2,0.017158544955387784
733,g,2,0.017158544955387784
734,reasoning,2,0.017158544955387784
735,worry,2,0.017158544955387784
736,master,2,0.017158544955387784
737,scientist,2,0.017158544955387784
738,achieve,2,0.017158544955387784
739,phenomenon,2,0.017158544955387784
740,scanner,2,0.017158544955387784
741,whirlwind,2,0.017158544955387784
742,choice,2,0.017158544955387784
743,interest,2,0.017158544955387784
744,law,2,0.017158544955387784
745,dimension,2,0.017158544955387784
746,totally,2,0.017158544955387784
747,discovered,2,0.017158544955387784
748,symbol,2,0.017158544955387784
749,attempt,2,0.017158544955387784
750,salem,2,0.017158544955387784
751,historical,2,0.017158544955387784
752,correctly,2,0.017158544955387784
753,tell,2,0.017158544955387784
754,indeed,2,0.017158544955387784
755,elaborate,2,0.017158544955387784
756,proof,2,0.017158544955387784
757,learned,2,0.017158544955387784
758,thanks,2,0.017158544955387784
759,considered,2,0.017158544955387784
760,planetary,2,0.017158544955387784
761,underground,2,0.017158544955387784
762,granite,2,0.017158544955387784
763,anyone,2,0.017158544955387784
764,considering,2,0.017158544955387784
765,enemy,2,0.017158544955387784
766,transported,2,0.017158544955387784
767,adequate,2,0.017158544955387784
768,presume,2,0.017158544955387784
769,leave,2,0.017158544955387784
770,already,2,0.017158544955387784
771,member,2,0.017158544955387784
772,presence,2,0.017158544955387784
773,aware,2,0.017158544955387784
774,harry,2,0.017158544955387784
775,mudd,2,0.017158544955387784
776,illusion,2,0.017158544955387784
777,sirius,2,0.017158544955387784
778,congratulation,2,0.017158544955387784
779,rare,2,0.017158544955387784
780,evidence,2,0.017158544955387784
781,atmosphere,2,0.017158544955387784
782,landing,2,0.017158544955387784
783,leaf,2,0.017158544955387784
784,jim,2,0.017158544955387784
785,darling,2,0.017158544955387784
786,drug,2,0.017158544955387784
787,potion,2,0.017158544955387784
788,simply,2,0.017158544955387784
789,better,2,0.017158544955387784
790,several,2,0.017158544955387784
791,correction,2,0.017158544955387784
792,code,2,0.017158544955387784
793,operative,2,0.017158544955387784
794,twice,2,0.017158544955387784
795,transmission,2,0.017158544955387784
796,early,2,0.017158544955387784
797,crystalline,2,0.017158544955387784
798,passed,2,0.017158544955387784
799,unidentified,2,0.017158544955387784
800,extremely,2,0.017158544955387784
801,bombardment,2,0.017158544955387784
802,continuing,2,0.017158544955387784
803,molecule,2,0.017158544955387784
804,decoration,2,0.017158544955387784
805,uniform,2,0.017158544955387784
806,fit,2,0.017158544955387784
807,spiral,2,0.017158544955387784
808,rate,2,0.017158544955387784
809,easily,2,0.017158544955387784
810,mechanism,2,0.017158544955387784
811,using,2,0.017158544955387784
812,suffering,2,0.017158544955387784
813,excellent,2,0.017158544955387784
814,event,2,0.017158544955387784
815,open,2,0.017158544955387784
816,klotho,2,0.017158544955387784
817,scan,2,0.017158544955387784
818,unit,2,0.017158544955387784
819,equivalent,2,0.017158544955387784
820,giving,2,0.017158544955387784
821,supposed,2,0.017158544955387784
822,klingons,2,0.017158544955387784
823,planning,2,0.017158544955387784
824,specific,2,0.017158544955387784
825,sea,2,0.017158544955387784
826,argo,2,0.017158544955387784
827,sickbay,2,0.017158544955387784
828,ugly,2,0.017158544955387784
829,side,2,0.017158544955387784
830,world,2,0.017158544955387784
831,indicates,2,0.017158544955387784
832,ancestor,2,0.017158544955387784
833,quake,2,0.017158544955387784
834,produced,2,0.017158544955387784
835,billion,2,0.017158544955387784
836,remnant,2,0.017158544955387784
837,peculiar,2,0.017158544955387784
838,belt,2,0.017158544955387784
839,ice,2,0.017158544955387784
840,posse,2,0.017158544955387784
841,spacecraft,2,0.017158544955387784
842,treaty,2,0.017158544955387784
843,permit,2,0.017158544955387784
844,guard,2,0.017158544955387784
845,mistersulu,2,0.017158544955387784
846,eater,2,0.017158544955387784
847,opportunity,2,0.017158544955387784
848,kicked,2,0.017158544955387784
849,sight,2,0.017158544955387784
850,total,2,0.017158544955387784
851,conversion,2,0.017158544955387784
852,owner,2,0.017158544955387784
853,war,2,0.017158544955387784
854,reached,2,0.017158544955387784
855,tried,2,0.017158544955387784
856,week,2,0.017158544955387784
857,arex,2,0.017158544955387784
858,gather,2,0.017158544955387784
859,solution,2,0.017158544955387784
860,environment,2,0.017158544955387784
861,amazing,2,0.017158544955387784
862,merely,2,0.017158544955387784
863,water,2,0.017158544955387784
864,rain,2,0.017158544955387784
865,forest,2,0.017158544955387784
866,receiving,2,0.017158544955387784
867,taken,2,0.017158544955387784
868,carefully,2,0.017158544955387784
869,communicate,2,0.017158544955387784
870,degree,2,0.017158544955387784
871,wise,2,0.017158544955387784
872,fast,2,0.017158544955387784
873,directly,2,0.017158544955387784
874,feel,2,0.017158544955387784
875,welcome,2,0.017158544955387784
876,skorr,2,0.017158544955387784
877,soul,2,0.017158544955387784
878,appropriate,2,0.017158544955387784
879,short,2,0.017158544955387784
880,red,2,0.017158544955387784
881,connect,2,0.017158544955387784
882,behalf,2,0.017158544955387784
883,sord,2,0.017158544955387784
884,prefer,2,0.017158544955387784
885,geologically,2,0.017158544955387784
886,trust,2,0.017158544955387784
887,advisable,2,0.017158544955387784
888,late,2,0.017158544955387784
889,language,2,0.017158544955387784
890,fate,2,0.017158544955387784
891,burst,2,0.017158544955387784
892,romulans,2,0.017158544955387784
893,composed,2,0.017158544955387784
894,subatomic,2,0.017158544955387784
895,particle,2,0.017158544955387784
896,victim,2,0.017158544955387784
897,station,2,0.017158544955387784
898,crewmembers,2,0.017158544955387784
899,infect,2,0.017158544955387784
900,heading,2,0.017158544955387784
901,nineteen,2,0.017158544955387784
902,becoming,2,0.017158544955387784
903,aurora,2,0.017158544955387784
904,decidedly,2,0.017158544955387784
905,disease,2,0.017158544955387784
906,turning,2,0.017158544955387784
907,blue,2,0.017158544955387784
908,saurian,2,0.017158544955387784
909,virus,2,0.017158544955387784
910,surrounding,2,0.017158544955387784
911,evasive,2,0.017158544955387784
912,free,2,0.017158544955387784
913,engine,2,0.017158544955387784
914,april,2,0.017158544955387784
915,collision,2,0.017158544955387784
916,fifty,2,0.017158544955387784
917,increasing,2,0.017158544955387784
918,thirteen,2,0.017158544955387784
919,eleven,2,0.017158544955387784
920,commodore,2,0.017158544955387784
921,map,2,0.017158544955387784
922,describe,1,0.008579272477693892
923,hypergravity,1,0.008579272477693892
924,encountered,1,0.008579272477693892
925,dragging,1,0.008579272477693892
926,imploded,1,0.008579272477693892
927,orbital,1,0.008579272477693892
928,velocity,1,0.008579272477693892
929,computation,1,0.008579272477693892
930,absolute,1,0.008579272477693892
931,zero,1,0.008579272477693892
932,thermal,1,0.008579272477693892
933,store,1,0.008579272477693892
934,send,1,0.008579272477693892
935,radio,1,0.008579272477693892
936,slight,1,0.008579272477693892
937,harder,1,0.008579272477693892
938,retro,1,0.008579272477693892
939,million,1,0.008579272477693892
940,hexagonal,1,0.008579272477693892
941,similarity,1,0.008579272477693892
942,insect,1,0.008579272477693892
943,honeycomb,1,0.008579272477693892
944,bee,1,0.008579272477693892
945,individual,1,0.008579272477693892
946,material,1,0.008579272477693892
947,alternative,1,0.008579272477693892
948,orbiting,1,0.008579272477693892
949,recording,1,0.008579272477693892
950,wand,1,0.008579272477693892
951,accumulator,1,0.008579272477693892
952,receptor,1,0.008579272477693892
953,motion,1,0.008579272477693892
954,sound,1,0.008579272477693892
955,heat,1,0.008579272477693892
956,latent,1,0.008579272477693892
957,confronting,1,0.008579272477693892
958,set,1,0.008579272477693892
959,emergency,1,0.008579272477693892
960,whatever,1,0.008579272477693892
961,survived,1,0.008579272477693892
962,translation,1,0.008579272477693892
963,patience,1,0.008579272477693892
964,automatic,1,0.008579272477693892
965,defence,1,0.008579272477693892
966,constant,1,0.008579272477693892
967,fluctuate,1,0.008579272477693892
968,steady,1,0.008579272477693892
969,pulsing,1,0.008579272477693892
970,rhythm,1,0.008579272477693892
971,jammed,1,0.008579272477693892
972,square,1,0.008579272477693892
973,absorbed,1,0.008579272477693892
974,symbiotic,1,0.008579272477693892
975,relationship,1,0.008579272477693892
976,host,1,0.008579272477693892
977,instance,1,0.008579272477693892
978,utilise,1,0.008579272477693892
979,neural,1,0.008579272477693892
980,white,1,0.008579272477693892
981,corpuscle,1,0.008579272477693892
982,aid,1,0.008579272477693892
983,symbiont,1,0.008579272477693892
984,mitosis,1,0.008579272477693892
985,whole,1,0.008579272477693892
986,fled,1,0.008579272477693892
987,crash,1,0.008579272477693892
988,game,1,0.008579272477693892
989,wife,1,0.008579272477693892
990,survival,1,0.008579272477693892
991,traditional,1,0.008579272477693892
992,male,1,0.008579272477693892
993,wild,1,0.008579272477693892
994,called,1,0.008579272477693892
995,visiting,1,0.008579272477693892
996,thinking,1,0.008579272477693892
997,vague,1,0.008579272477693892
998,view,1,0.008579272477693892
999,soft,1,0.008579272477693892
1000,suit,1,0.008579272477693892
1001,boot,1,0.008579272477693892
1002,selection,1,0.008579272477693892
1003,streetwear,1,0.008579272477693892
1004,circa,1,0.008579272477693892
1005,carry,1,0.008579272477693892
1006,bag,1,0.008579272477693892
1007,andorians,1,0.008579272477693892
1008,charity,1,0.008579272477693892
1009,thelin,1,0.008579272477693892
1010,shirkahr,1,0.008579272477693892
1011,silence,1,0.008579272477693892
1012,prosper,1,0.008579272477693892
1013,humble,1,0.008579272477693892
1014,descended,1,0.008579272477693892
1015,sasak,1,0.008579272477693892
1016,journeying,1,0.008579272477693892
1017,shrine,1,0.008579272477693892
1018,honoured,1,0.008579272477693892
1019,resemblance,1,0.008579272477693892
1020,forefather,1,0.008579272477693892
1021,road,1,0.008579272477693892
1022,perfection,1,0.008579272477693892
1023,track,1,0.008579272477693892
1024,subjective,1,0.008579272477693892
1025,timeline,1,0.008579272477693892
1026,regarding,1,0.008579272477693892
1027,rite,1,0.008579272477693892
1028,reasoned,1,0.008579272477693892
1029,courage,1,0.008579272477693892
1030,weak,1,0.008579272477693892
1031,helpless,1,0.008579272477693892
1032,remembered,1,0.008579272477693892
1033,actual,1,0.008579272477693892
1034,fat,1,0.008579272477693892
1035,moving,1,0.008579272477693892
1036,prove,1,0.008579272477693892
1037,embarked,1,0.008579272477693892
1038,meant,1,0.008579272477693892
1039,regains,1,0.008579272477693892
1040,consciousness,1,0.008579272477693892
1041,helping,1,0.008579272477693892
1042,dare,1,0.008579272477693892
1043,suspected,1,0.008579272477693892
1044,confuse,1,0.008579272477693892
1045,sensitivity,1,0.008579272477693892
1046,embarrasses,1,0.008579272477693892
1047,trait,1,0.008579272477693892
1048,fatal,1,0.008579272477693892
1049,controlled,1,0.008579272477693892
1050,serenity,1,0.008579272477693892
1051,let,1,0.008579272477693892
1052,unexpected,1,0.008579272477693892
1053,occurred,1,0.008579272477693892
1054,poisonous,1,0.008579272477693892
1055,happen,1,0.008579272477693892
1056,sacrifice,1,0.008579272477693892
1057,pain,1,0.008579272477693892
1058,sleep,1,0.008579272477693892
1059,urgent,1,0.008579272477693892
1060,foothill,1,0.008579272477693892
1061,suffered,1,0.008579272477693892
1062,wound,1,0.008579272477693892
1063,healing,1,0.008579272477693892
1064,heard,1,0.008579272477693892
1065,liar,1,0.008579272477693892
1066,crossing,1,0.008579272477693892
1067,efficiently,1,0.008579272477693892
1068,disappoint,1,0.008579272477693892
1069,wanted,1,0.008579272477693892
1070,tear,1,0.008579272477693892
1071,demand,1,0.008579272477693892
1072,mourned,1,0.008579272477693892
1073,wasted,1,0.008579272477693892
1074,fitting,1,0.008579272477693892
1075,dignity,1,0.008579272477693892
1076,regret,1,0.008579272477693892
1077,troubled,1,0.008579272477693892
1078,chose,1,0.008579272477693892
1079,business,1,0.008579272477693892
1080,conduct,1,0.008579272477693892
1081,schoolmate,1,0.008579272477693892
1082,demonstration,1,0.008579272477693892
1083,taught,1,0.008579272477693892
1084,farewell,1,0.008579272477693892
1085,hospitality,1,0.008579272477693892
1086,repayment,1,0.008579272477693892
1087,pet,1,0.008579272477693892
1088,fortune,1,0.008579272477693892
1089,recalibrate,1,0.008579272477693892
1090,andorian,1,0.008579272477693892
1091,irregular,1,0.008579272477693892
1092,half,1,0.008579272477693892
1093,computes,1,0.008579272477693892
1094,engulfed,1,0.008579272477693892
1095,breaking,1,0.008579272477693892
1096,definitely,1,0.008579272477693892
1097,annihilation,1,0.008579272477693892
1098,instinctively,1,0.008579272477693892
1099,amoeba,1,0.008579272477693892
1100,whether,1,0.008579272477693892
1101,selective,1,0.008579272477693892
1102,thread,1,0.008579272477693892
1103,notifying,1,0.008579272477693892
1104,save,1,0.008579272477693892
1105,fraction,1,0.008579272477693892
1106,population,1,0.008579272477693892
1107,chemical,1,0.008579272477693892
1108,periodic,1,0.008579272477693892
1109,streamer,1,0.008579272477693892
1110,koinoenergy,1,0.008579272477693892
1111,ambiplasma,1,0.008579272477693892
1112,unusually,1,0.008579272477693892
1113,attraction,1,0.008579272477693892
1114,appeared,1,0.008579272477693892
1115,gaseous,1,0.008579272477693892
1116,entrapped,1,0.008579272477693892
1117,component,1,0.008579272477693892
1118,inclined,1,0.008579272477693892
1119,steadily,1,0.008579272477693892
1120,sustain,1,0.008579272477693892
1121,huge,1,0.008579272477693892
1122,bull,1,0.008579272477693892
1123,grazing,1,0.008579272477693892
1124,pasture,1,0.008579272477693892
1125,villus,1,0.008579272477693892
1126,touch,1,0.008579272477693892
1127,ascertained,1,0.008579272477693892
1128,interpreted,1,0.008579272477693892
1129,involuntary,1,0.008579272477693892
1130,response,1,0.008579272477693892
1131,sensing,1,0.008579272477693892
1132,irregularly,1,0.008579272477693892
1133,emanates,1,0.008579272477693892
1134,considerable,1,0.008579272477693892
1135,completed,1,0.008579272477693892
1136,target,1,0.008579272477693892
1137,unfortunately,1,0.008579272477693892
1138,vast,1,0.008579272477693892
1139,offensive,1,0.008579272477693892
1140,armament,1,0.008579272477693892
1141,destruction,1,0.008579272477693892
1142,convert,1,0.008579272477693892
1143,aimed,1,0.008579272477693892
1144,cortex,1,0.008579272477693892
1145,expend,1,0.008579272477693892
1146,mortal,1,0.008579272477693892
1147,physical,1,0.008579272477693892
1148,focus,1,0.008579272477693892
1149,onto,1,0.008579272477693892
1150,synaptic,1,0.008579272477693892
1151,input,1,0.008579272477693892
1152,routed,1,0.008579272477693892
1153,calculate,1,0.008579272477693892
1154,accomplish,1,0.008579272477693892
1155,link,1,0.008579272477693892
1156,consumed,1,0.008579272477693892
1157,spherical,1,0.008579272477693892
1158,intend,1,0.008579272477693892
1159,perceived,1,0.008579272477693892
1160,desire,1,0.008579272477693892
1161,wonder,1,0.008579272477693892
1162,calculation,1,0.008579272477693892
1163,coming,1,0.008579272477693892
1164,taurean,1,0.008579272477693892
1165,edge,1,0.008579272477693892
1166,sector,1,0.008579272477693892
1167,resemble,1,0.008579272477693892
1168,summons,1,0.008579272477693892
1169,marriage,1,0.008579272477693892
1170,drum,1,0.008579272477693892
1171,experiencing,1,0.008579272477693892
1172,suggestion,1,0.008579272477693892
1173,logically,1,0.008579272477693892
1174,inconclusive,1,0.008579272477693892
1175,urgency,1,0.008579272477693892
1176,feeling,1,0.008579272477693892
1177,compulsion,1,0.008579272477693892
1178,advise,1,0.008579272477693892
1179,remaining,1,0.008579272477693892
1180,extent,1,0.008579272477693892
1181,humanoid,1,0.008579272477693892
1182,psychokinesis,1,0.008579272477693892
1183,tonal,1,0.008579272477693892
1184,medikit,1,0.008579272477693892
1185,contain,1,0.008579272477693892
1186,noticed,1,0.008579272477693892
1187,glow,1,0.008579272477693892
1188,diminishes,1,0.008579272477693892
1189,polarised,1,0.008579272477693892
1190,conductor,1,0.008579272477693892
1191,transfer,1,0.008579272477693892
1192,account,1,0.008579272477693892
1193,rapid,1,0.008579272477693892
1194,weakness,1,0.008579272477693892
1195,seemed,1,0.008579272477693892
1196,listless,1,0.008579272477693892
1197,failed,1,0.008579272477693892
1198,energetic,1,0.008579272477693892
1199,retained,1,0.008579272477693892
1200,span,1,0.008579272477693892
1201,belonging,1,0.008579272477693892
1202,assembled,1,0.008579272477693892
1203,accordance,1,0.008579272477693892
1204,restoration,1,0.008579272477693892
1205,original,1,0.008579272477693892
1206,reprogram,1,0.008579272477693892
1207,previously,1,0.008579272477693892
1208,directed,1,0.008579272477693892
1209,scout,1,0.008579272477693892
1210,common,1,0.008579272477693892
1211,produce,1,0.008579272477693892
1212,disruption,1,0.008579272477693892
1213,projected,1,0.008579272477693892
1214,generator,1,0.008579272477693892
1215,disabled,1,0.008579272477693892
1216,paralysed,1,0.008579272477693892
1217,photon,1,0.008579272477693892
1218,torpedo,1,0.008579272477693892
1219,disables,1,0.008579272477693892
1220,surprising,1,0.008579272477693892
1221,immobilize,1,0.008579272477693892
1222,drain,1,0.008579272477693892
1223,enormous,1,0.008579272477693892
1224,afford,1,0.008579272477693892
1225,amount,1,0.008579272477693892
1226,damaged,1,0.008579272477693892
1227,exhausted,1,0.008579272477693892
1228,prolonged,1,0.008579272477693892
1229,tribble,1,0.008579272477693892
1230,contradiction,1,0.008579272477693892
1231,proclivity,1,0.008579272477693892
1232,multiplication,1,0.008579272477693892
1233,application,1,0.008579272477693892
1234,begin,1,0.008579272477693892
1235,destroying,1,0.008579272477693892
1236,repeating,1,0.008579272477693892
1237,trick,1,0.008579272477693892
1238,cyrano,1,0.008579272477693892
1239,jones,1,0.008579272477693892
1240,badly,1,0.008579272477693892
1241,cruiser,1,0.008579272477693892
1242,koloth,1,0.008579272477693892
1243,marksman,1,0.008579272477693892
1244,carrying,1,0.008579272477693892
1245,extra,1,0.008579272477693892
1246,cargo,1,0.008579272477693892
1247,requires,1,0.008579272477693892
1248,throw,1,0.008579272477693892
1249,sit,1,0.008579272477693892
1250,person,1,0.008579272477693892
1251,happy,1,0.008579272477693892
1252,anne,1,0.008579272477693892
1253,nored,1,0.008579272477693892
1254,notify,1,0.008579272477693892
1255,verified,1,0.008579272477693892
1256,credential,1,0.008579272477693892
1257,check,1,0.008579272477693892
1258,requirement,1,0.008579272477693892
1259,verify,1,0.008579272477693892
1260,trading,1,0.008579272477693892
1261,risk,1,0.008579272477693892
1262,trespass,1,0.008579272477693892
1263,endanger,1,0.008579272477693892
1264,reputation,1,0.008579272477693892
1265,gave,1,0.008579272477693892
1266,examine,1,0.008579272477693892
1267,hide,1,0.008579272477693892
1268,habit,1,0.008579272477693892
1269,nap,1,0.008579272477693892
1270,floor,1,0.008579272477693892
1271,quarantined,1,0.008579272477693892
1272,practise,1,0.008579272477693892
1273,deceit,1,0.008579272477693892
1274,audio,1,0.008579272477693892
1275,direct,1,0.008579272477693892
1276,secondary,1,0.008579272477693892
1277,propulsion,1,0.008579272477693892
1278,practicality,1,0.008579272477693892
1279,capitulation,1,0.008579272477693892
1280,retreating,1,0.008579272477693892
1281,anyway,1,0.008579272477693892
1282,unharmed,1,0.008579272477693892
1283,repair,1,0.008579272477693892
1284,realm,1,0.008579272477693892
1285,acute,1,0.008579272477693892
1286,mccoys,1,0.008579272477693892
1287,efficiency,1,0.008579272477693892
1288,acceptable,1,0.008579272477693892
1289,includes,1,0.008579272477693892
1290,scanned,1,0.008579272477693892
1291,originates,1,0.008579272477693892
1292,incredibly,1,0.008579272477693892
1293,amalgam,1,0.008579272477693892
1294,designed,1,0.008579272477693892
1295,defend,1,0.008579272477693892
1296,unclear,1,0.008579272477693892
1297,botanical,1,0.008579272477693892
1298,nerve,1,0.008579272477693892
1299,tissue,1,0.008579272477693892
1300,exceptionally,1,0.008579272477693892
1301,seventy,1,0.008579272477693892
1302,ratio,1,0.008579272477693892
1303,plant,1,0.008579272477693892
1304,aggressive,1,0.008579272477693892
1305,diversity,1,0.008579272477693892
1306,symbolising,1,0.008579272477693892
1307,beauty,1,0.008579272477693892
1308,persist,1,0.008579272477693892
1309,negate,1,0.008579272477693892
1310,eloquence,1,0.008579272477693892
1311,argument,1,0.008579272477693892
1312,constructive,1,0.008579272477693892
1313,pleasantly,1,0.008579272477693892
1314,surprised,1,0.008579272477693892
1315,deductive,1,0.008579272477693892
1316,bellicose,1,0.008579272477693892
1317,arsenal,1,0.008579272477693892
1318,formidable,1,0.008579272477693892
1319,talent,1,0.008579272477693892
1320,militia,1,0.008579272477693892
1321,keniclius,1,0.008579272477693892
1322,phylos,1,0.008579272477693892
1323,duplicate,1,0.008579272477693892
1324,concerted,1,0.008579272477693892
1325,effort,1,0.008579272477693892
1326,rebirth,1,0.008579272477693892
1327,phylosian,1,0.008579272477693892
1328,enable,1,0.008579272477693892
1329,contribute,1,0.008579272477693892
1330,extraordinary,1,0.008579272477693892
1331,charting,1,0.008579272477693892
1332,atmospheric,1,0.008579272477693892
1333,counterpart,1,0.008579272477693892
1334,calm,1,0.008579272477693892
1335,scientifically,1,0.008579272477693892
1336,navigational,1,0.008579272477693892
1337,absorbing,1,0.008579272477693892
1338,creation,1,0.008579272477693892
1339,extend,1,0.008579272477693892
1340,hiding,1,0.008579272477693892
1341,draw,1,0.008579272477693892
1342,mystic,1,0.008579272477693892
1343,resource,1,0.008579272477693892
1344,chess,1,0.008579272477693892
1345,magically,1,0.008579272477693892
1346,belief,1,0.008579272477693892
1347,potent,1,0.008579272477693892
1348,massachusetts,1,0.008579272477693892
1349,asmodeus,1,0.008579272477693892
1350,hate,1,0.008579272477693892
1351,next,1,0.008579272477693892
1352,james,1,0.008579272477693892
1353,court,1,0.008579272477693892
1354,magic,1,0.008579272477693892
1355,megans,1,0.008579272477693892
1356,mankind,1,0.008579272477693892
1357,grown,1,0.008579272477693892
1358,wisdom,1,0.008579272477693892
1359,compassion,1,0.008579272477693892
1360,lucifer,1,0.008579272477693892
1361,cast,1,0.008579272477693892
1362,queen,1,0.008579272477693892
1363,card,1,0.008579272477693892
1364,character,1,0.008579272477693892
1365,alice,1,0.008579272477693892
1366,looking,1,0.008579272477693892
1367,glass,1,0.008579272477693892
1368,relaxing,1,0.008579272477693892
1369,particularly,1,0.008579272477693892
1370,fond,1,0.008579272477693892
1371,lewis,1,0.008579272477693892
1372,carroll,1,0.008579272477693892
1373,presumably,1,0.008579272477693892
1374,adjacent,1,0.008579272477693892
1375,operates,1,0.008579272477693892
1376,shielded,1,0.008579272477693892
1377,penetrate,1,0.008579272477693892
1378,confirm,1,0.008579272477693892
1379,solid,1,0.008579272477693892
1380,shell,1,0.008579272477693892
1381,malfunctioning,1,0.008579272477693892
1382,block,1,0.008579272477693892
1383,cut,1,0.008579272477693892
1384,astute,1,0.008579272477693892
1385,interred,1,0.008579272477693892
1386,pointing,1,0.008579272477693892
1387,mechanical,1,0.008579272477693892
1388,manifestation,1,0.008579272477693892
1389,pterodactyl,1,0.008579272477693892
1390,amusement,1,0.008579272477693892
1391,park,1,0.008579272477693892
1392,amuse,1,0.008579272477693892
1393,monitor,1,0.008579272477693892
1394,ammunition,1,0.008579272477693892
1395,leaving,1,0.008579272477693892
1396,cave,1,0.008579272477693892
1397,mortally,1,0.008579272477693892
1398,wounded,1,0.008579272477693892
1399,somehow,1,0.008579272477693892
1400,repaired,1,0.008579272477693892
1401,submit,1,0.008579272477693892
1402,qualified,1,0.008579272477693892
1403,cc,1,0.008579272477693892
1404,labouring,1,0.008579272477693892
1405,misconception,1,0.008579272477693892
1406,entertain,1,0.008579272477693892
1407,shore,1,0.008579272477693892
1408,commenced,1,0.008579272477693892
1409,motherlode,1,0.008579272477693892
1410,plus,1,0.008579272477693892
1411,minus,1,0.008579272477693892
1412,tricking,1,0.008579272477693892
1413,via,1,0.008579272477693892
1414,girl,1,0.008579272477693892
1415,rigelian,1,0.008579272477693892
1416,hypnoid,1,0.008579272477693892
1417,projecting,1,0.008579272477693892
1418,simple,1,0.008579272477693892
1419,stole,1,0.008579272477693892
1420,fraud,1,0.008579272477693892
1421,sold,1,0.008579272477693892
1422,credit,1,0.008579272477693892
1423,deserve,1,0.008579272477693892
1424,trapping,1,0.008579272477693892
1425,cleverly,1,0.008579272477693892
1426,exaggerate,1,0.008579272477693892
1427,kindly,1,0.008579272477693892
1428,precise,1,0.008579272477693892
1429,binary,1,0.008579272477693892
1430,sun,1,0.008579272477693892
1431,warrant,1,0.008579272477693892
1432,investigation,1,0.008579272477693892
1433,millibar,1,0.008579272477693892
1434,breathable,1,0.008579272477693892
1435,hot,1,0.008579272477693892
1436,injured,1,0.008579272477693892
1437,perfectly,1,0.008579272477693892
1438,append,1,0.008579272477693892
1439,appended,1,0.008579272477693892
1440,hereto,1,0.008579272477693892
1441,ah,1,0.008579272477693892
1442,sweet,1,0.008579272477693892
1443,dear,1,0.008579272477693892
1444,lovely,1,0.008579272477693892
1445,er,1,0.008579272477693892
1446,um,1,0.008579272477693892
1447,insist,1,0.008579272477693892
1448,arm,1,0.008579272477693892
1449,harmed,1,0.008579272477693892
1450,hair,1,0.008579272477693892
1451,pretty,1,0.008579272477693892
1452,head,1,0.008579272477693892
1453,affair,1,0.008579272477693892
1454,outstandingly,1,0.008579272477693892
1455,stupid,1,0.008579272477693892
1456,sorry,1,0.008579272477693892
1457,appeal,1,0.008579272477693892
1458,confession,1,0.008579272477693892
1459,paid,1,0.008579272477693892
1460,hatred,1,0.008579272477693892
1461,scarcely,1,0.008579272477693892
1462,bargain,1,0.008579272477693892
1463,guarantee,1,0.008579272477693892
1464,arachna,1,0.008579272477693892
1465,entering,1,0.008579272477693892
1466,cycle,1,0.008579272477693892
1467,strongest,1,0.008579272477693892
1468,emission,1,0.008579272477693892
1469,reception,1,0.008579272477693892
1470,isolated,1,0.008579272477693892
1471,detected,1,0.008579272477693892
1472,accept,1,0.008579272477693892
1473,intersat,1,0.008579272477693892
1474,terratin,1,0.008579272477693892
1475,repeated,1,0.008579272477693892
1476,exploration,1,0.008579272477693892
1477,listed,1,0.008579272477693892
1478,molten,1,0.008579272477693892
1479,mantle,1,0.008579272477693892
1480,crust,1,0.008579272477693892
1481,register,1,0.008579272477693892
1482,disturbance,1,0.008579272477693892
1483,faint,1,0.008579272477693892
1484,diffused,1,0.008579272477693892
1485,delay,1,0.008579272477693892
1486,analysed,1,0.008579272477693892
1487,reduced,1,0.008579272477693892
1488,ineffective,1,0.008579272477693892
1489,unprecedented,1,0.008579272477693892
1490,fracturing,1,0.008579272477693892
1491,chain,1,0.008579272477693892
1492,slumped,1,0.008579272477693892
1493,equally,1,0.008579272477693892
1494,personnel,1,0.008579272477693892
1495,contracted,1,0.008579272477693892
1496,shrink,1,0.008579272477693892
1497,accelerating,1,0.008579272477693892
1498,ad,1,0.008579272477693892
1499,infinitum,1,0.008579272477693892
1500,relatively,1,0.008579272477693892
1501,composition,1,0.008579272477693892
1502,wear,1,0.008579272477693892
1503,xenylon,1,0.008579272477693892
1504,coral,1,0.008579272477693892
1505,aquarium,1,0.008579272477693892
1506,shrinking,1,0.008579272477693892
1507,meteoritic,1,0.008579272477693892
1508,rock,1,0.008579272477693892
1509,unchanged,1,0.008579272477693892
1510,tends,1,0.008579272477693892
1511,wind,1,0.008579272477693892
1512,tight,1,0.008579272477693892
1513,feed,1,0.008579272477693892
1514,project,1,0.008579272477693892
1515,switch,1,0.008579272477693892
1516,button,1,0.008579272477693892
1517,centimetre,1,0.008579272477693892
1518,tall,1,0.008579272477693892
1519,length,1,0.008579272477693892
1520,spiroid,1,0.008579272477693892
1521,reduction,1,0.008579272477693892
1522,rigging,1,0.008579272477693892
1523,guaranteed,1,0.008579272477693892
1524,pinpoint,1,0.008579272477693892
1525,fails,1,0.008579272477693892
1526,retains,1,0.008579272477693892
1527,apply,1,0.008579272477693892
1528,height,1,0.008579272477693892
1529,luck,1,0.008579272477693892
1530,read,1,0.008579272477693892
1531,ceased,1,0.008579272477693892
1532,retain,1,0.008579272477693892
1533,colonist,1,0.008579272477693892
1534,named,1,0.008579272477693892
1535,numbered,1,0.008579272477693892
1536,terra,1,0.008579272477693892
1537,hence,1,0.008579272477693892
1538,corruption,1,0.008579272477693892
1539,spirod,1,0.008579272477693892
1540,epsilon,1,0.008579272477693892
1541,shrank,1,0.008579272477693892
1542,genetic,1,0.008579272477693892
1543,characteristic,1,0.008579272477693892
1544,energise,1,0.008579272477693892
1545,terratins,1,0.008579272477693892
1546,crystal,1,0.008579272477693892
1547,provide,1,0.008579272477693892
1548,obtain,1,0.008579272477693892
1549,larger,1,0.008579272477693892
1550,honorary,1,0.008579272477693892
1551,chaos,1,0.008579272477693892
1552,became,1,0.008579272477693892
1553,unreliable,1,0.008579272477693892
1554,entered,1,0.008579272477693892
1555,triangle,1,0.008579272477693892
1556,deflected,1,0.008579272477693892
1557,cloaking,1,0.008579272477693892
1558,normally,1,0.008579272477693892
1559,venture,1,0.008579272477693892
1560,tactically,1,0.008579272477693892
1561,planned,1,0.008579272477693892
1562,investigates,1,0.008579272477693892
1563,mysterious,1,0.008579272477693892
1564,vertigo,1,0.008579272477693892
1565,viewscreen,1,0.008579272477693892
1566,touching,1,0.008579272477693892
1567,continuum,1,0.008579272477693892
1568,erratic,1,0.008579272477693892
1569,stayed,1,0.008579272477693892
1570,follow,1,0.008579272477693892
1571,rough,1,0.008579272477693892
1572,approximation,1,0.008579272477693892
1573,hull,1,0.008579272477693892
1574,cluster,1,0.008579272477693892
1575,predict,1,0.008579272477693892
1576,surrender,1,0.008579272477693892
1577,unchangeable,1,0.008579272477693892
1578,graf,1,0.008579272477693892
1579,roughly,1,0.008579272477693892
1580,began,1,0.008579272477693892
1581,depleted,1,0.008579272477693892
1582,kor,1,0.008579272477693892
1583,bluff,1,0.008579272477693892
1584,barrier,1,0.008579272477693892
1585,impressed,1,0.008579272477693892
1586,splendid,1,0.008579272477693892
1587,spirit,1,0.008579272477693892
1588,forgive,1,0.008579272477693892
1589,overcome,1,0.008579272477693892
1590,goodbye,1,0.008579272477693892
1591,gentleman,1,0.008579272477693892
1592,escort,1,0.008579272477693892
1593,sensed,1,0.008579272477693892
1594,agreeable,1,0.008579272477693892
1595,willing,1,0.008579272477693892
1596,touched,1,0.008579272477693892
1597,though,1,0.008579272477693892
1598,limited,1,0.008579272477693892
1599,suspicious,1,0.008579272477693892
1600,picked,1,0.008579272477693892
1601,indication,1,0.008579272477693892
1602,vault,1,0.008579272477693892
1603,knew,1,0.008579272477693892
1604,offing,1,0.008579272477693892
1605,mere,1,0.008579272477693892
1606,outcropping,1,0.008579272477693892
1607,peak,1,0.008579272477693892
1608,submerged,1,0.008579272477693892
1609,informative,1,0.008579272477693892
1610,bottom,1,0.008579272477693892
1611,skeleton,1,0.008579272477693892
1612,denebian,1,0.008579272477693892
1613,whale,1,0.008579272477693892
1614,sustained,1,0.008579272477693892
1615,pack,1,0.008579272477693892
1616,implies,1,0.008579272477693892
1617,marine,1,0.008579272477693892
1618,incomplete,1,0.008579272477693892
1619,blocked,1,0.008579272477693892
1620,underwater,1,0.008579272477693892
1621,pressure,1,0.008579272477693892
1622,ocean,1,0.008579272477693892
1623,turbulent,1,0.008579272477693892
1624,greater,1,0.008579272477693892
1625,suitable,1,0.008579272477693892
1626,emotionally,1,0.008579272477693892
1627,confined,1,0.008579272477693892
1628,tank,1,0.008579272477693892
1629,accompany,1,0.008579272477693892
1630,phrase,1,0.008579272477693892
1631,instinctive,1,0.008579272477693892
1632,frightened,1,0.008579272477693892
1633,retreat,1,0.008579272477693892
1634,beautiful,1,0.008579272477693892
1635,grotesque,1,0.008579272477693892
1636,tribune,1,0.008579272477693892
1637,mistaken,1,0.008579272477693892
1638,reversing,1,0.008579272477693892
1639,evolved,1,0.008579272477693892
1640,exposed,1,0.008579272477693892
1641,frightening,1,0.008579272477693892
1642,geological,1,0.008579272477693892
1643,disaster,1,0.008579272477693892
1644,hardship,1,0.008579272477693892
1645,induces,1,0.008579272477693892
1646,savagery,1,0.008579272477693892
1647,violence,1,0.008579272477693892
1648,portion,1,0.008579272477693892
1649,continental,1,0.008579272477693892
1650,shelf,1,0.008579272477693892
1651,sank,1,0.008579272477693892
1652,sealed,1,0.008579272477693892
1653,rila,1,0.008579272477693892
1654,mentioned,1,0.008579272477693892
1655,entrance,1,0.008579272477693892
1656,panel,1,0.008579272477693892
1657,resembles,1,0.008579272477693892
1658,torso,1,0.008579272477693892
1659,serum,1,0.008579272477693892
1660,aquans,1,0.008579272477693892
1661,benefit,1,0.008579272477693892
1662,epicentre,1,0.008579272477693892
1663,north,1,0.008579272477693892
1664,polar,1,0.008579272477693892
1665,uninhabited,1,0.008579272477693892
1666,seabed,1,0.008579272477693892
1667,stabilize,1,0.008579272477693892
1668,reborn,1,0.008579272477693892
1669,shown,1,0.008579272477693892
1670,diverting,1,0.008579272477693892
1671,endangered,1,0.008579272477693892
1672,remarkablething,1,0.008579272477693892
1673,exterminated,1,0.008579272477693892
1674,warthat,1,0.008579272477693892
1675,evolve,1,0.008579272477693892
1676,thestasis,1,0.008579272477693892
1677,position,1,0.008579272477693892
1678,boxcircling,1,0.008579272477693892
1679,hereundiscovered,1,0.008579272477693892
1680,spectacle,1,0.008579272477693892
1681,ofthe,1,0.008579272477693892
1682,pass,1,0.008579272477693892
1683,stop,1,0.008579272477693892
1684,detector,1,0.008579272477693892
1685,stasisbox,1,0.008579272477693892
1686,investigate,1,0.008579272477693892
1687,arethe,1,0.008579272477693892
1688,ruled,1,0.008579272477693892
1689,billionyears,1,0.008579272477693892
1690,incalculable,1,0.008579272477693892
1691,wasfound,1,0.008579272477693892
1692,flying,1,0.008579272477693892
1693,fieldused,1,0.008579272477693892
1694,contained,1,0.008579272477693892
1695,disrupter,1,0.008579272477693892
1696,bomb,1,0.008579272477693892
1697,pinpulled,1,0.008579272477693892
1698,jurisdiction,1,0.008579272477693892
1699,ofstarfleet,1,0.008579272477693892
1700,specialist,1,0.008579272477693892
1701,handle,1,0.008579272477693892
1702,arerare,1,0.008579272477693892
1703,potentially,1,0.008579272477693892
1704,tourist,1,0.008579272477693892
1705,discovery,1,0.008579272477693892
1706,purely,1,0.008579272477693892
1707,belowthe,1,0.008579272477693892
1708,responsibility,1,0.008579272477693892
1709,forthis,1,0.008579272477693892
1710,instead,1,0.008579272477693892
1711,warned,1,0.008579272477693892
1712,unlikely,1,0.008579272477693892
1713,coincidenceof,1,0.008579272477693892
1714,allowed,1,0.008579272477693892
1715,myjudgement,1,0.008579272477693892
1716,willdetermine,1,0.008579272477693892
1717,itspeople,1,0.008579272477693892
1718,police,1,0.008579272477693892
1719,broken,1,0.008579272477693892
1720,lean,1,0.008579272477693892
1721,reader,1,0.008579272477693892
1722,iare,1,0.008579272477693892
1723,inferior,1,0.008579272477693892
1724,meat,1,0.008579272477693892
1725,yousense,1,0.008579272477693892
1726,eating,1,0.008579272477693892
1727,raw,1,0.008579272477693892
1728,vegetable,1,0.008579272477693892
1729,crucial,1,0.008579272477693892
1730,thekzinti,1,0.008579272477693892
1731,startling,1,0.008579272477693892
1732,lookharmless,1,0.008579272477693892
1733,forgetting,1,0.008579272477693892
1734,dumb,1,0.008579272477693892
1735,anemergency,1,0.008579272477693892
1736,forget,1,0.008579272477693892
1737,intelligentcreature,1,0.008579272477693892
1738,toseize,1,0.008579272477693892
1739,historicalfind,1,0.008579272477693892
1740,fortunate,1,0.008579272477693892
1741,superiorto,1,0.008579272477693892
1742,fifth,1,0.008579272477693892
1743,absorber,1,0.008579272477693892
1744,ihad,1,0.008579272477693892
1745,shuttle,1,0.008579272477693892
1746,tozigzag,1,0.008579272477693892
1747,beenattacked,1,0.008579272477693892
1748,herbivorous,1,0.008579272477693892
1749,pacifist,1,0.008579272477693892
1750,root,1,0.008579272477693892
1751,onewho,1,0.008579272477693892
1752,traditionally,1,0.008579272477693892
1753,ultimate,1,0.008579272477693892
1754,insult,1,0.008579272477693892
1755,himalive,1,0.008579272477693892
1756,stake,1,0.008579272477693892
1757,personalrevenge,1,0.008579272477693892
1758,morepowerful,1,0.008579272477693892
1759,acknowledge,1,0.008579272477693892
1760,expertise,1,0.008579272477693892
1761,probable,1,0.008579272477693892
1762,ownership,1,0.008579272477693892
1763,spy,1,0.008579272477693892
1764,wantedto,1,0.008579272477693892
1765,secret,1,0.008579272477693892
1766,null,1,0.008579272477693892
1767,correspond,1,0.008579272477693892
1768,rib,1,0.008579272477693892
1769,vertical,1,0.008579272477693892
1770,bracing,1,0.008579272477693892
1771,buti,1,0.008579272477693892
1772,compute,1,0.008579272477693892
1773,combat,1,0.008579272477693892
1774,sixteen,1,0.008579272477693892
1775,gun,1,0.008579272477693892
1776,sopowerful,1,0.008579272477693892
1777,theoretical,1,0.008579272477693892
1778,matterto,1,0.008579272477693892
1779,butthat,1,0.008579272477693892
1780,redundant,1,0.008579272477693892
1781,haunted,1,0.008579272477693892
1782,conversing,1,0.008579272477693892
1783,computerthat,1,0.008579272477693892
1784,awar,1,0.008579272477693892
1785,awakened,1,0.008579272477693892
1786,donot,1,0.008579272477693892
1787,military,1,0.008579272477693892
1788,password,1,0.008579272477693892
1789,questionsit,1,0.008579272477693892
1790,nowhere,1,0.008579272477693892
1791,activate,1,0.008579272477693892
1792,conventional,1,0.008579272477693892
1793,totalconversion,1,0.008579272477693892
1794,museum,1,0.008579272477693892
1795,wastoo,1,0.008579272477693892
1796,orsome,1,0.008579272477693892
1797,sometimes,1,0.008579272477693892
1798,breaksthrough,1,0.008579272477693892
1799,sparked,1,0.008579272477693892
1800,warbetween,1,0.008579272477693892
1801,logged,1,0.008579272477693892
1802,exact,1,0.008579272477693892
1803,certainly,1,0.008579272477693892
1804,speculate,1,0.008579272477693892
1805,conducting,1,0.008579272477693892
1806,lake,1,0.008579272477693892
1807,exist,1,0.008579272477693892
1808,undamaged,1,0.008579272477693892
1809,lift,1,0.008579272477693892
1810,tail,1,0.008579272477693892
1811,dig,1,0.008579272477693892
1812,beast,1,0.008579272477693892
1813,familiar,1,0.008579272477693892
1814,propose,1,0.008579272477693892
1815,prompt,1,0.008579272477693892
1816,evolution,1,0.008579272477693892
1817,scientific,1,0.008579272477693892
1818,ecology,1,0.008579272477693892
1819,nonetheless,1,0.008579272477693892
1820,landed,1,0.008579272477693892
1821,manufactured,1,0.008579272477693892
1822,desperation,1,0.008579272477693892
1823,invisible,1,0.008579272477693892
1824,builder,1,0.008579272477693892
1825,feat,1,0.008579272477693892
1826,wasteful,1,0.008579272477693892
1827,hear,1,0.008579272477693892
1828,shouting,1,0.008579272477693892
1829,comprehend,1,0.008579272477693892
1830,fleeting,1,0.008579272477693892
1831,image,1,0.008579272477693892
1832,ant,1,0.008579272477693892
1833,recognised,1,0.008579272477693892
1834,least,1,0.008579272477693892
1835,vastly,1,0.008579272477693892
1836,collect,1,0.008579272477693892
1837,sharp,1,0.008579272477693892
1838,strangely,1,0.008579272477693892
1839,attractive,1,0.008579272477693892
1840,exhibit,1,0.008579272477693892
1841,involved,1,0.008579272477693892
1842,kit,1,0.008579272477693892
1843,curator,1,0.008579272477693892
1844,begging,1,0.008579272477693892
1845,pardon,1,0.008579272477693892
1846,situation,1,0.008579272477693892
1847,realistically,1,0.008579272477693892
1848,precaution,1,0.008579272477693892
1849,caged,1,0.008579272477693892
1850,drawing,1,0.008579272477693892
1851,crowd,1,0.008579272477693892
1852,lactran,1,0.008579272477693892
1853,eon,1,0.008579272477693892
1854,learns,1,0.008579272477693892
1855,infant,1,0.008579272477693892
1856,frighten,1,0.008579272477693892
1857,match,1,0.008579272477693892
1858,pick,1,0.008579272477693892
1859,care,1,0.008579272477693892
1860,ill,1,0.008579272477693892
1861,recovery,1,0.008579272477693892
1862,disappear,1,0.008579272477693892
1863,deadly,1,0.008579272477693892
1864,injuring,1,0.008579272477693892
1865,hard,1,0.008579272477693892
1866,manner,1,0.008579272477693892
1867,mad,1,0.008579272477693892
1868,concluded,1,0.008579272477693892
1869,basis,1,0.008579272477693892
1870,gathering,1,0.008579272477693892
1871,mental,1,0.008579272477693892
1872,everybody,1,0.008579272477693892
1873,screen,1,0.008579272477693892
1874,told,1,0.008579272477693892
1875,parent,1,0.008579272477693892
1876,encompasses,1,0.008579272477693892
1877,simplistic,1,0.008579272477693892
1878,process,1,0.008579272477693892
1879,evolving,1,0.008579272477693892
1880,belong,1,0.008579272477693892
1881,markel,1,0.008579272477693892
1882,received,1,0.008579272477693892
1883,final,1,0.008579272477693892
1884,telepathic,1,0.008579272477693892
1885,figure,1,0.008579272477693892
1886,threat,1,0.008579272477693892
1887,existing,1,0.008579272477693892
1888,breed,1,0.008579272477693892
1889,army,1,0.008579272477693892
1890,clue,1,0.008579272477693892
1891,shift,1,0.008579272477693892
1892,constantly,1,0.008579272477693892
1893,lara,1,0.008579272477693892
1894,perfect,1,0.008579272477693892
1895,efficient,1,0.008579272477693892
1896,equipping,1,0.008579272477693892
1897,acquaint,1,0.008579272477693892
1898,checked,1,0.008579272477693892
1899,guarding,1,0.008579272477693892
1900,alar,1,0.008579272477693892
1901,statistical,1,0.008579272477693892
1902,philosophy,1,0.008579272477693892
1903,poetry,1,0.008579272477693892
1904,lava,1,0.008579272477693892
1905,volcanic,1,0.008579272477693892
1906,diversion,1,0.008579272477693892
1907,duration,1,0.008579272477693892
1908,vehicle,1,0.008579272477693892
1909,sufficient,1,0.008579272477693892
1910,rewiring,1,0.008579272477693892
1911,quickly,1,0.008579272477693892
1912,terminal,1,0.008579272477693892
1913,diode,1,0.008579272477693892
1914,shunt,1,0.008579272477693892
1915,cross,1,0.008579272477693892
1916,em,1,0.008579272477693892
1917,missed,1,0.008579272477693892
1918,connection,1,0.008579272477693892
1919,destroy,1,0.008579272477693892
1920,appreciate,1,0.008579272477693892
1921,group,1,0.008579272477693892
1922,informed,1,0.008579272477693892
1923,impossibility,1,0.008579272477693892
1924,mechanised,1,0.008579272477693892
1925,sentinel,1,0.008579272477693892
1926,press,1,0.008579272477693892
1927,mechanicals,1,0.008579272477693892
1928,tracking,1,0.008579272477693892
1929,earlier,1,0.008579272477693892
1930,advantageous,1,0.008579272477693892
1931,avoid,1,0.008579272477693892
1932,climbable,1,0.008579272477693892
1933,eighty,1,0.008579272477693892
1934,favour,1,0.008579272477693892
1935,unstable,1,0.008579272477693892
1936,inherently,1,0.008579272477693892
1937,enabling,1,0.008579272477693892
1938,withstand,1,0.008579272477693892
1939,earthquake,1,0.008579272477693892
1940,locked,1,0.008579272477693892
1941,rope,1,0.008579272477693892
1942,bounce,1,0.008579272477693892
1943,define,1,0.008579272477693892
1944,base,1,0.008579272477693892
1945,killed,1,0.008579272477693892
1946,rise,1,0.008579272477693892
1947,gone,1,0.008579272477693892
1948,schedule,1,0.008579272477693892
1949,wished,1,0.008579272477693892
1950,affect,1,0.008579272477693892
1951,scheduled,1,0.008579272477693892
1952,arrival,1,0.008579272477693892
1953,deneb,1,0.008579272477693892
1954,conserving,1,0.008579272477693892
1955,unnecessary,1,0.008579272477693892
1956,assurance,1,0.008579272477693892
1957,addition,1,0.008579272477693892
1958,untrue,1,0.008579272477693892
1959,restraint,1,0.008579272477693892
1960,huron,1,0.008579272477693892
1961,bare,1,0.008579272477693892
1962,minimum,1,0.008579272477693892
1963,metallic,1,0.008579272477693892
1964,debris,1,0.008579272477693892
1965,based,1,0.008579272477693892
1966,gloating,1,0.008579272477693892
1967,implication,1,0.008579272477693892
1968,thick,1,0.008579272477693892
1969,district,1,0.008579272477693892
1970,expect,1,0.008579272477693892
1971,pandronian,1,0.008579272477693892
1972,went,1,0.008579272477693892
1973,native,1,0.008579272477693892
1974,fake,1,0.008579272477693892
1975,forgery,1,0.008579272477693892
1976,alternate,1,0.008579272477693892
1977,aborigine,1,0.008579272477693892
1978,basic,1,0.008579272477693892
1979,social,1,0.008579272477693892
1980,fairly,1,0.008579272477693892
1981,developed,1,0.008579272477693892
1982,more,1,0.008579272477693892
1983,tradition,1,0.008579272477693892
1984,observe,1,0.008579272477693892
1985,captured,1,0.008579272477693892
1986,rhetorical,1,0.008579272477693892
1987,requiring,1,0.008579272477693892
1988,bem,1,0.008579272477693892
1989,held,1,0.008579272477693892
1990,job,1,0.008579272477693892
1991,librarian,1,0.008579272477693892
1992,challenging,1,0.008579272477693892
1993,undoubtedly,1,0.008579272477693892
1994,lot,1,0.008579272477693892
1995,attention,1,0.008579272477693892
1996,offering,1,0.008579272477693892
1997,series,1,0.008579272477693892
1998,render,1,0.008579272477693892
1999,powerless,1,0.008579272477693892
2000,compliment,1,0.008579272477693892
2001,entity,1,0.008579272477693892
2002,guiding,1,0.008579272477693892
2003,lying,1,0.008579272477693892
2004,wait,1,0.008579272477693892
2005,asteroid,1,0.008579272477693892
2006,overtaking,1,0.008579272477693892
2007,repel,1,0.008579272477693892
2008,chart,1,0.008579272477693892
2009,grows,1,0.008579272477693892
2010,worse,1,0.008579272477693892
2011,ride,1,0.008579272477693892
2012,bizarre,1,0.008579272477693892
2013,happening,1,0.008579272477693892
2014,astronomical,1,0.008579272477693892
2015,console,1,0.008579272477693892
2016,serve,1,0.008579272477693892
2017,useful,1,0.008579272477693892
2018,laugh,1,0.008579272477693892
2019,legitimate,1,0.008579272477693892
2020,fog,1,0.008579272477693892
2021,humidification,1,0.008579272477693892
2022,covered,1,0.008579272477693892
2023,guilty,1,0.008579272477693892
2024,joker,1,0.008579272477693892
2025,dysfunction,1,0.008579272477693892
2026,severe,1,0.008579272477693892
2027,deliberately,1,0.008579272477693892
2028,holding,1,0.008579272477693892
2029,missing,1,0.008579272477693892
2030,prisoner,1,0.008579272477693892
2031,compliance,1,0.008579272477693892
2032,defensive,1,0.008579272477693892
2033,manoeuvre,1,0.008579272477693892
2034,threatened,1,0.008579272477693892
2035,invaded,1,0.008579272477693892
2036,bacteria,1,0.008579272477693892
2037,nervous,1,0.008579272477693892
2038,breakdown,1,0.008579272477693892
2039,precludes,1,0.008579272477693892
2040,pumped,1,0.008579272477693892
2041,nitrous,1,0.008579272477693892
2042,oxide,1,0.008579272477693892
2043,gas,1,0.008579272477693892
2044,underway,1,0.008579272477693892
2045,magnification,1,0.008579272477693892
2046,warship,1,0.008579272477693892
2047,halted,1,0.008579272477693892
2048,suggesting,1,0.008579272477693892
2049,seeking,1,0.008579272477693892
2050,revenge,1,0.008579272477693892
2051,chase,1,0.008579272477693892
2052,mode,1,0.008579272477693892
2053,pas,1,0.008579272477693892
2054,according,1,0.008579272477693892
2055,responsible,1,0.008579272477693892
2056,ravaged,1,0.008579272477693892
2057,emotional,1,0.008579272477693892
2058,termination,1,0.008579272477693892
2059,inoculation,1,0.008579272477693892
2060,programme,1,0.008579272477693892
2061,subsequent,1,0.008579272477693892
2062,outbreak,1,0.008579272477693892
2063,solar,1,0.008579272477693892
2064,spotty,1,0.008579272477693892
2065,mostly,1,0.008579272477693892
2066,technical,1,0.008579272477693892
2067,meteor,1,0.008579272477693892
2068,shower,1,0.008579272477693892
2069,radiation,1,0.008579272477693892
2070,characterised,1,0.008579272477693892
2071,skin,1,0.008579272477693892
2072,debilitation,1,0.008579272477693892
2073,death,1,0.008579272477693892
2074,immunity,1,0.008579272477693892
2075,notably,1,0.008579272477693892
2076,stowaway,1,0.008579272477693892
2077,surely,1,0.008579272477693892
2078,outsider,1,0.008579272477693892
2079,dramian,1,0.008579272477693892
2080,caution,1,0.008579272477693892
2081,associated,1,0.008579272477693892
2082,clean,1,0.008579272477693892
2083,fed,1,0.008579272477693892
2084,health,1,0.008579272477693892
2085,resting,1,0.008579272477693892
2086,academic,1,0.008579272477693892
2087,hardly,1,0.008579272477693892
2088,testify,1,0.008579272477693892
2089,quarantine,1,0.008579272477693892
2090,office,1,0.008579272477693892
2091,ordered,1,0.008579272477693892
2092,activation,1,0.008579272477693892
2093,speak,1,0.008579272477693892
2094,supreme,1,0.008579272477693892
2095,prefect,1,0.008579272477693892
2096,incapacitated,1,0.008579272477693892
2097,temporarily,1,0.008579272477693892
2098,stricken,1,0.008579272477693892
2099,kill,1,0.008579272477693892
2100,everyone,1,0.008579272477693892
2101,chance,1,0.008579272477693892
2102,realise,1,0.008579272477693892
2103,file,1,0.008579272477693892
2104,recognise,1,0.008579272477693892
2105,colour,1,0.008579272477693892
2106,misleading,1,0.008579272477693892
2107,problem,1,0.008579272477693892
2108,treated,1,0.008579272477693892
2109,survive,1,0.008579272477693892
2110,antibody,1,0.008579272477693892
2111,including,1,0.008579272477693892
2112,monotonous,1,0.008579272477693892
2113,dispensing,1,0.008579272477693892
2114,regular,1,0.008579272477693892
2115,vitamin,1,0.008579272477693892
2116,ration,1,0.008579272477693892
2117,derelict,1,0.008579272477693892
2118,hippocrates,1,0.008579272477693892
2119,approved,1,0.008579272477693892
2120,lame,1,0.008579272477693892
2121,trail,1,0.008579272477693892
2122,fainter,1,0.008579272477693892
2123,recommend,1,0.008579272477693892
2124,reduce,1,0.008579272477693892
2125,accommodate,1,0.008579272477693892
2126,unorthodox,1,0.008579272477693892
2127,list,1,0.008579272477693892
2128,authorised,1,0.008579272477693892
2129,quadrant,1,0.008579272477693892
2130,immense,1,0.008579272477693892
2131,ceramic,1,0.008579272477693892
2132,encased,1,0.008579272477693892
2133,globular,1,0.008579272477693892
2134,fleeing,1,0.008579272477693892
2135,manoeuvreing,1,0.008579272477693892
2136,sublight,1,0.008579272477693892
2137,continues,1,0.008579272477693892
2138,shifting,1,0.008579272477693892
2139,confirms,1,0.008579272477693892
2140,ensign,1,0.008579272477693892
2141,walking,1,0.008579272477693892
2142,maya,1,0.008579272477693892
2143,winged,1,0.008579272477693892
2144,serpent,1,0.008579272477693892
2145,sky,1,0.008579272477693892
2146,bringing,1,0.008579272477693892
2147,uncommon,1,0.008579272477693892
2148,among,1,0.008579272477693892
2149,temporary,1,0.008579272477693892
2150,captive,1,0.008579272477693892
2151,calling,1,0.008579272477693892
2152,vanished,1,0.008579272477693892
2153,monitoring,1,0.008579272477693892
2154,priority,1,0.008579272477693892
2155,elasticity,1,0.008579272477693892
2156,helmsman,1,0.008579272477693892
2157,standby,1,0.008579272477693892
2158,prepare,1,0.008579272477693892
2159,compensate,1,0.008579272477693892
2160,catapult,1,0.008579272477693892
2161,thrown,1,0.008579272477693892
2162,push,1,0.008579272477693892
2163,pull,1,0.008579272477693892
2164,simultaneously,1,0.008579272477693892
2165,rigid,1,0.008579272477693892
2166,shatter,1,0.008579272477693892
2167,lay,1,0.008579272477693892
2168,mayan,1,0.008579272477693892
2169,visited,1,0.008579272477693892
2170,notified,1,0.008579272477693892
2171,presently,1,0.008579272477693892
2172,nevertheless,1,0.008579272477693892
2173,enters,1,0.008579272477693892
2174,flower,1,0.008579272477693892
2175,board,1,0.008579272477693892
2176,chronometer,1,0.008579272477693892
2177,backward,1,0.008579272477693892
2178,operating,1,0.008579272477693892
2179,gateway,1,0.008579272477693892
2180,recreate,1,0.008579272477693892
2181,infancy,1,0.008579272477693892
2182,milky,1,0.008579272477693892
2183,corresponds,1,0.008579272477693892
2184,arret,1,0.008579272477693892
2185,superimposing,1,0.008579272477693892
2186,sphere,1,0.008579272477693892
2187,pair,1,0.008579272477693892
2188,transport,1,0.008579272477693892
2189,unmanned,1,0.008579272477693892
2190,attached,1,0.008579272477693892
2191,eighteen,1,0.008579272477693892
2192,losing,1,0.008579272477693892
2193,alarming,1,0.008579272477693892
2194,fill,1,0.008579272477693892
2195,academy,1,0.008579272477693892
2196,slowest,1,0.008579272477693892
2197,arrive,1,0.008579272477693892
2198,spare,1,0.008579272477693892
2199,disconnect,1,0.008579272477693892
2200,south,1,0.008579272477693892
2201,plane,1,0.008579272477693892
2202,armed,1,0.008579272477693892
