,character,vector
0,Original Spock,"[-1.96114758e-02  1.75926497e-01 -1.46237736e-01 -7.56128151e-02
  5.50981158e-02  1.26966140e-02 -6.52995872e-03 -9.44715008e-02
 -4.56694426e-02  2.19899790e+00 -1.50989259e-01  6.07121389e-02
  1.01101293e-01 -2.89228138e-02 -1.42806224e-01 -8.54055935e-02
 -6.73199645e-02  1.12829412e+00 -1.87904858e-01 -2.00731306e-02
  3.66661921e-03 -3.20021107e-02 -5.11374573e-02 -2.56283384e-02
  8.40563657e-04  2.65346901e-02 -8.71941242e-02 -6.40988642e-02
  7.52274357e-02 -5.48401195e-02 -5.50412585e-02  5.43876050e-02
 -5.78182904e-02  7.60731289e-02  3.03897420e-02 -5.74389575e-02
  3.97002363e-02  6.22994420e-02 -4.81247472e-02 -7.09434414e-02
 -1.40261587e-02  3.32802570e-03  5.22805508e-02 -8.17951352e-02
  5.84343290e-02  1.34554359e-02 -1.40999527e-01  7.10568314e-04
 -1.27357178e-03  6.51154190e-03 -4.12749967e-03  2.44648388e-02
 -7.44647289e-03  1.97856999e-03  3.81923746e-02  4.34226997e-03
 -7.61462792e-03 -6.23461069e-02  4.07545267e-02 -6.17453585e-02
 -4.22418428e-02 -1.14339458e-02  2.81765428e-02  1.63550249e-01
 -8.58519646e-03 -4.37604254e-02 -1.57411190e-02  6.08785911e-02
  1.84362674e-02  1.15060924e-01  3.81461594e-02  1.11859473e-02
  1.86911410e-01 -1.90208262e-02  8.61719144e-02  1.24718766e-02
  6.24295102e-02 -8.25079110e-02 -4.14448004e-02  2.09757786e-01
 -5.38974462e-02  4.95254957e-02 -1.22220142e-01  2.20952780e-02
  5.30940159e-02 -2.63284428e-01  8.80049764e-02 -1.63167345e-01
  2.09851366e-01  6.41188157e-02 -7.52804031e-02  3.37699350e-02
 -3.87689732e-02  4.70317424e-02  9.55596573e-02 -7.59190389e-02
 -3.67064666e-02 -8.27751379e-02 -8.76908482e-02  8.26711446e-03
 -2.95586036e-02  3.55719965e-02 -8.50331342e-02 -3.67597623e-02
  7.55246324e-02 -7.40230042e-01  6.78126773e-02 -3.96664018e-04
  1.77130597e-02  3.82474298e-02  3.86778099e-02 -1.20187211e-01
  1.06737566e-01 -1.22759848e-01  2.31691931e-02 -5.85818220e-03
  1.54898569e-02 -2.46475660e-02 -3.97559907e-02 -6.26496127e-02
  5.53967831e-02 -2.25528312e-02  3.93928374e-02  1.40945214e-02
 -1.64167772e-02  5.88645286e-02 -3.55632353e-02 -1.34601077e-01
  2.32950679e-02 -1.26306370e-02  1.68030495e-02 -4.65083968e-02
 -1.22703795e-01  3.72609022e-03  7.54498884e-02  5.93106092e-02
  7.60364118e-03 -1.82937960e-02  8.26552899e-03 -2.31759027e-02
 -1.16135158e+00  1.39704740e-01  1.17448057e-01  1.86994978e-02
  2.97211889e-02  3.69849823e-03 -7.00882878e-02  1.97972459e-02
 -1.74169200e-02 -6.93961988e-02 -2.61726004e-02  1.88128824e-02
  1.06257609e-01  5.40290868e-02 -3.61750033e-02  4.12967355e-04
 -8.07977416e-02 -1.64213908e-02  2.76800050e-04 -2.81854747e-02
  2.44303785e-02  1.32513770e-02 -3.47711266e-02 -4.48681329e-02
 -4.40664817e-02 -1.10004235e-01  8.44156053e-02 -4.16583279e-02
  1.21331893e-01  1.13673459e-02 -9.15929868e-03 -1.92639854e-02
  3.82949055e-02 -9.34833902e-02 -6.54227744e-02  7.14762605e-02
 -2.02785140e-02 -3.30848181e-02 -3.10223378e-02 -6.33776786e-02
 -8.09914489e-03 -3.58320936e-02 -7.74838695e-02 -8.27025801e-02
 -3.15134487e-02 -4.42981027e-02 -2.67959034e-02 -3.34078814e-02
  7.61093487e-02  3.15279871e-02  2.95086889e-02  2.73957803e-02
 -5.44642266e-02  4.57138984e-02  1.07254349e-02  9.62133338e-02
  3.89925445e-03 -1.07583174e-01 -1.59625689e-02  1.95475420e-01
 -4.42964942e-02 -4.34571100e-02 -4.72726004e-02  1.43688567e-02
  1.60400236e-01  2.34170053e-02  4.24973871e-02 -1.55780183e-02
  2.09140412e-02  4.47952296e-03 -5.85948332e-02 -8.34146271e-02
 -5.82321363e-02 -1.12277232e-01  8.78256565e-02  1.05602409e-01
 -4.12075827e-02  5.55029477e-02 -1.39827153e-01  4.49555902e-02
  5.14878611e-02  3.99030782e-03 -2.82638524e-02  6.54324908e-02
  2.54936499e-02 -1.89037011e-02 -3.10066570e-02  8.70516347e-02
 -1.90240431e-02 -1.65843323e-02 -7.41112658e-02  1.02393415e-02
  8.56762671e-02  9.62738051e-02 -7.73704635e-02 -5.32599068e-02
 -2.69937976e-02 -6.56697019e-02 -8.40469472e-02  4.62527278e-02
  5.81874540e-02  5.06799107e-02  4.66105116e-03  7.39204307e-02
  1.04668093e-01 -1.30883482e-01 -6.30316373e-02 -7.77690586e-02
 -1.38544564e-01  1.28435924e-01  7.80252692e-02 -4.11099363e-02
 -3.44074908e-02 -2.52920939e-02  3.96294479e-02  1.76506303e-01
  8.14235819e-02 -6.20311647e-02 -3.44572906e-02  3.10062040e-02
  1.00298181e-01  1.28764273e-01  1.78733801e-02  5.98667214e-02
  1.04685514e-02 -5.87159467e-02 -2.60243533e-02  7.71107602e-02
  3.35692910e-01  3.42872571e-02  6.11630777e-02 -3.53953355e-03
 -5.43745765e-02 -1.24541124e-01 -1.14494551e-01  2.74434972e-02
  1.25232824e-02  6.73048910e-02  1.77051947e-02  1.72406920e-01
  2.01914036e-01  5.30737264e-03  2.98071822e-02 -1.00315855e-01
 -5.56608784e-02 -8.50326681e-02  7.60430081e-02 -9.68987329e-02
  1.65178795e-01 -2.16223838e-02 -1.50493041e-01  2.89033778e-02
 -5.34124147e-02 -5.39174009e-02  5.11414087e-03  1.17078182e-02
 -4.05710544e-02 -2.16217240e-02 -2.01188074e-02  9.48975102e-03]"
1,Original Kirk,"[-3.23238326e-02  1.85568126e-01 -1.61972408e-01 -9.35240077e-02
  7.44851670e-02  1.30740490e-03 -3.93927287e-03 -1.23056820e-01
 -3.62475637e-02  2.17778286e+00 -1.90396159e-01  4.73891902e-02
  1.10803708e-01 -3.95987271e-02 -1.72253097e-01 -7.12619469e-02
 -6.39099289e-02  1.07883685e+00 -1.96113711e-01 -1.09102658e-02
  4.48931506e-02 -8.34392172e-03 -3.09704932e-02 -2.74365758e-02
 -1.59986050e-02  2.08995896e-02 -1.12704028e-01 -5.57767698e-02
  1.07659180e-01 -7.19231192e-02 -4.42564212e-02  6.53318726e-02
 -6.80179807e-02  8.39137561e-02  4.44923076e-02 -4.99355998e-02
  5.35501235e-02  8.68754879e-02 -4.91671683e-02 -5.85025677e-02
 -3.05505768e-02  3.95360169e-03  3.08272042e-02 -1.01852647e-01
  4.95330894e-02  5.18151150e-02 -1.53263763e-01 -2.00232077e-02
  1.08907246e-03  1.13077285e-02 -1.31852793e-02  2.54909445e-02
  9.05427198e-03 -1.07334296e-02  5.81759049e-02  8.62447455e-04
 -2.31500882e-02 -6.18007578e-02  3.74615446e-02 -6.15404542e-02
 -6.12787576e-02 -2.98351533e-02  1.85119556e-02  1.69529080e-01
  4.58084070e-02 -6.06332346e-02 -2.73017750e-02  8.83423097e-02
  3.50971559e-02  1.14490328e-01  3.98124633e-02  2.36492508e-02
  2.27890153e-01 -1.61449069e-02  9.53005232e-02  3.90516443e-02
  8.65865989e-02 -9.09192536e-02 -4.90191735e-02  2.26685354e-01
 -4.99148134e-02  5.53174177e-02 -1.31778803e-01  3.10297445e-02
  2.61097962e-02 -2.36136342e-01  1.37939228e-01 -2.25758013e-01
  2.56960012e-01  5.65404517e-02 -9.42864099e-02  1.82492443e-02
 -3.37831187e-02  5.18829587e-02  1.05562236e-01 -4.87019769e-02
 -4.49817515e-02 -1.07244439e-01 -8.19501666e-02  7.07073887e-03
 -3.12449250e-02  4.65636281e-02 -7.49213049e-02 -5.07637324e-02
  8.69061501e-02 -6.42292768e-01  1.09517620e-01 -2.17611559e-02
 -1.27813768e-03  4.45972012e-02  5.95938083e-02 -1.49915839e-01
  1.41729411e-01 -1.27418389e-01  5.16054264e-02 -9.20829157e-03
  3.06762842e-02 -3.33969413e-02 -4.70392217e-02 -5.31683995e-02
  7.64600620e-02 -3.82678524e-02  4.41741056e-02  1.06648464e-02
  3.91797183e-03  5.68418272e-02 -3.74305935e-02 -1.51020879e-01
  4.64318931e-02 -2.57884991e-02 -5.02381224e-03 -5.51385047e-02
 -1.10625782e-01  1.21200209e-02  7.05890597e-02  5.81969801e-02
  3.51507732e-03 -5.49925647e-03 -1.64291432e-02 -3.38401470e-02
 -1.31614314e+00  1.27755579e-01  1.05153045e-01  3.97963360e-03
  2.88916224e-02 -2.32568726e-03 -7.47387209e-02  5.66704499e-02
 -4.99678416e-02 -7.75222783e-02 -1.88580575e-02  3.40494407e-02
  9.15025307e-02  3.68846734e-02 -2.87222963e-02 -3.68053834e-03
 -6.44021407e-02 -5.44557745e-02  1.09766817e-02 -1.11591615e-02
 -8.55942334e-04  3.26020780e-02 -7.84916232e-02 -3.88422592e-02
 -2.18550184e-02 -1.12768914e-01  8.97937749e-02 -6.46690184e-02
  1.30293648e-01  2.96225214e-02 -2.43288876e-02 -2.26302909e-02
  4.32574233e-02 -8.70426347e-02 -6.49305359e-02  8.77978266e-02
 -2.89733767e-02 -7.07765670e-03 -2.56892308e-02 -5.55169269e-02
  5.01113976e-03 -4.39341679e-02 -9.60052061e-02 -8.75149413e-02
 -4.50551091e-03 -2.38320706e-02 -2.68186620e-02 -6.00580051e-02
  8.16139862e-02  4.12747037e-02  3.97698923e-02  1.74887709e-02
 -5.44341399e-02  1.64377905e-02  1.86837607e-02  1.16869382e-01
 -8.05807849e-03 -1.19058986e-01  3.26472559e-02  2.21127467e-01
 -5.78785478e-02 -5.34326629e-02 -4.40718043e-02 -1.88375417e-02
  1.64019282e-01  2.52961501e-02  5.08457262e-02 -2.09169080e-02
  3.23443375e-02 -1.16733398e-02 -6.37677916e-02 -9.82787672e-02
 -6.57859632e-02 -9.96276714e-02  9.45556204e-02  1.02753384e-01
 -4.95338756e-02  4.89750412e-02 -1.75727604e-01  4.49841099e-02
  4.39814556e-02  5.55063427e-03 -5.16719063e-02  6.35224279e-02
  3.21331242e-02 -2.16251357e-02 -4.76908070e-02  9.97379326e-02
 -2.53741385e-02 -4.02573545e-02 -1.02024174e-01  1.09622681e-03
  9.97626496e-02  9.46665763e-02 -8.10556382e-02 -5.63013843e-02
 -1.30330742e-02 -8.70458670e-02 -8.31470467e-02  6.22228260e-02
  6.64541776e-02  4.19853501e-02  9.38657567e-03  8.60534139e-02
  1.18733723e-01 -1.50912139e-01 -6.85156917e-02 -6.42467235e-02
 -1.57819792e-01  1.60077434e-01  9.01161049e-02 -5.82871715e-02
 -5.69016562e-02 -1.63135657e-02  3.93226171e-02  1.80305249e-01
  7.28534726e-02 -6.54328832e-02 -3.93501860e-02  3.20648892e-02
  7.68307803e-02  1.35549168e-01  3.58941473e-02  4.89996448e-02
  3.74907004e-02 -7.79293189e-02 -3.11599731e-02  8.72258184e-02
  3.37226060e-01  7.59096848e-02  4.53389340e-02 -1.66541117e-02
 -4.60126951e-02 -1.25123994e-01 -1.21573208e-01  4.12102457e-02
  1.92649902e-02  5.22505106e-02  2.00778447e-02  1.69773471e-01
  1.80786207e-01 -1.97162380e-02  1.22068064e-02 -9.55032172e-02
 -4.99693736e-02 -8.68308511e-02  1.10588692e-01 -1.04250553e-01
  1.43760431e-01 -3.12835142e-02 -1.43897778e-01  2.22758727e-02
 -5.47243232e-02 -5.46774158e-02  3.12804867e-02 -2.16828861e-02
 -4.54638682e-02 -1.43949092e-02  2.29051880e-03  3.61704255e-02]"
2,Janeway,"[-1.34193595e-02  1.73012006e-01 -1.75452926e-01 -7.92382630e-02
  6.94043645e-02  7.23306347e-03 -7.25337275e-03 -1.08533739e-01
 -3.49747746e-02  2.13203850e+00 -1.85896907e-01  5.87732217e-02
  1.16437518e-01 -4.38610713e-02 -1.60894404e-01 -5.96812983e-02
 -7.20005635e-02  1.07030820e+00 -2.00198942e-01 -2.19538276e-02
  5.16319126e-02 -1.22835018e-02 -3.01324139e-02 -1.54460594e-02
 -2.27800179e-02  3.04778006e-02 -9.71259972e-02 -7.41325937e-02
  1.06450595e-01 -7.99097076e-02 -5.00491099e-02  5.96259913e-02
 -5.15289239e-02  7.38409735e-02  5.49967728e-02 -5.39801598e-02
  6.25415201e-02  7.90620609e-02 -4.41553503e-02 -7.01505452e-02
 -3.54371877e-02  1.14653227e-02  2.56723742e-02 -9.95531414e-02
  4.44618905e-02  4.87821165e-02 -1.55324790e-01 -1.81491159e-02
 -1.23361337e-02  5.26735151e-03 -2.61393554e-02  1.15315748e-02
  1.31017871e-02 -6.46264941e-03  5.55655829e-02  4.01531837e-03
 -2.16141687e-02 -6.51541324e-02  3.59199978e-02 -5.15075826e-02
 -5.30887149e-02 -4.62068427e-02  2.02118954e-03  1.73982885e-01
  3.95834248e-02 -5.93599206e-02 -2.03827123e-02  8.40620857e-02
  4.26337035e-02  1.24789939e-01  5.55379324e-02  4.46312965e-02
  2.31859504e-01 -1.30536658e-02  9.96825589e-02  3.71185259e-02
  9.54716632e-02 -8.98713887e-02 -5.43857639e-02  2.13689262e-01
 -4.20635743e-02  5.08224632e-02 -1.40763152e-01  2.13926354e-02
  2.71402604e-02 -2.17265760e-01  8.70845869e-02 -2.01827449e-01
  2.60603356e-01  6.07112614e-02 -1.03565083e-01  1.81348583e-02
 -4.17220504e-02  5.51670966e-02  8.01566029e-02 -2.06671114e-02
 -4.01543626e-02 -9.75991311e-02 -6.30787608e-02  1.81304363e-02
 -4.02485426e-02  4.59370332e-02 -6.77111840e-02 -5.66819031e-02
  9.67975490e-02 -6.44557242e-01  1.13818219e-01 -1.55096911e-02
 -1.12631009e-03  4.99262554e-02  5.39203674e-02 -1.63096319e-01
  1.51573371e-01 -1.07648450e-01  4.79300227e-02 -1.10024020e-02
  1.97641725e-02 -2.37397333e-02 -4.77796357e-02 -4.85041652e-02
  8.76801977e-02 -5.47630211e-02  3.75599488e-02  2.19799530e-04
  2.44970126e-02  6.33765071e-02 -4.00104559e-02 -1.38514223e-01
  3.78255149e-02 -2.01081516e-02 -4.07985004e-03 -4.03510000e-02
 -1.20705804e-01  4.17276631e-02  7.97690469e-02  4.81400694e-02
  3.91839543e-03 -7.51576951e-03 -1.54235672e-02 -2.32037438e-02
 -1.27586961e+00  1.13538314e-01  9.20124960e-02 -4.07583867e-04
  2.63434824e-02 -2.63741990e-02 -1.01183396e-01  7.09729375e-02
 -4.42373930e-02 -7.27816778e-02 -2.60189797e-02  5.38574883e-02
  7.98928222e-02  2.24362188e-02 -4.20441540e-02 -2.08476588e-02
 -6.30309965e-02 -3.70984505e-02  8.58796168e-03 -2.96713051e-02
 -1.88167198e-02  3.77140246e-02 -6.92504304e-02 -4.42532899e-02
 -2.44159777e-02 -1.06527804e-01  8.56528972e-02 -5.75857951e-02
  1.40241882e-01  2.07833868e-02 -2.36156453e-02 -2.33091109e-02
  4.69492610e-02 -1.08669070e-01 -5.64537818e-02  7.77987414e-02
 -3.68537212e-02 -7.56962091e-03 -2.32789993e-02 -4.73522476e-02
  7.57404662e-03 -4.23677714e-02 -1.03109159e-01 -8.38197820e-02
 -4.48355593e-03 -3.42294644e-02 -2.87293456e-02 -6.34714160e-02
  6.59131793e-02  5.40975433e-02  4.51749939e-02  7.16640120e-03
 -6.61475508e-02  1.43629996e-02  3.87128698e-02  1.10328043e-01
 -1.13018872e-02 -1.18324270e-01  2.01403762e-02  2.09547903e-01
 -3.64574923e-02 -6.50974798e-02 -4.29479546e-02 -2.08768527e-02
  1.75867654e-01  2.30957105e-02  5.02103388e-02 -1.24889309e-02
  3.59666703e-02 -6.12351993e-04 -5.15259435e-02 -1.07517049e-01
 -7.21454558e-02 -1.16727409e-01  8.78379031e-02  1.15355034e-01
 -5.26777696e-02  3.96898454e-02 -1.86277545e-01  4.59188434e-02
  5.40150461e-02 -4.12185075e-03 -4.88450606e-02  5.88621992e-02
  2.43822821e-02 -1.96147401e-02 -3.52198433e-02  8.82089632e-02
 -2.94066420e-02 -3.79583201e-02 -1.06250460e-01 -5.46934462e-03
  1.03688693e-01  9.66032398e-02 -6.05118825e-02 -5.71004147e-02
 -9.57388243e-03 -8.83613451e-02 -8.59612966e-02  7.08736376e-02
  7.58409657e-02  4.03897669e-02  1.33727992e-02  1.00982978e-01
  1.14500883e-01 -1.64637218e-01 -6.76686488e-02 -5.43523177e-02
 -1.46771020e-01  1.69501469e-01  7.10303574e-02 -7.28351787e-02
 -7.03085929e-02 -1.57096838e-02  4.60564882e-02  1.82779001e-01
  6.51265763e-02 -7.05417958e-02 -4.38936588e-02  2.46300096e-02
  7.40413971e-02  1.49582439e-01  4.25430675e-02  3.94791702e-02
  6.04153859e-02 -7.42705276e-02 -2.85728353e-02  8.86238687e-02
  3.47425532e-01  7.36819165e-02  6.75421409e-02 -1.51307740e-02
 -5.70171916e-02 -1.40833551e-01 -1.07863717e-01  4.04957360e-02
  1.70412620e-02  4.90833657e-02  2.31832435e-02  1.84194342e-01
  1.67757910e-01 -1.81023903e-02  1.47111086e-02 -8.87486532e-02
 -5.11209709e-02 -8.88314159e-02  1.06121066e-01 -1.03175945e-01
  1.42810401e-01 -9.81312445e-03 -1.43981686e-01  3.28081237e-02
 -4.98807456e-02 -5.07131595e-02  4.36632181e-02 -3.09726389e-02
 -5.09908393e-02 -1.22974997e-02  1.72185633e-02  5.22908746e-02]"
3,Archer,"[-1.20175899e-02  1.74284410e-01 -1.86135044e-01 -9.10946805e-02
  7.33647203e-02 -2.97321529e-03 -7.94760944e-03 -1.10609842e-01
 -3.99859583e-02  2.20052412e+00 -1.94651071e-01  6.39154579e-02
  1.21056866e-01 -4.45889523e-02 -1.69361875e-01 -6.07728094e-02
 -7.31854375e-02  1.04497259e+00 -2.03967829e-01 -2.50943438e-02
  6.27784310e-02 -1.32746363e-02 -2.63350080e-02 -1.08446889e-02
 -3.49498981e-02  2.37241226e-02 -9.92932709e-02 -8.10296114e-02
  1.12601846e-01 -9.14604380e-02 -5.71499285e-02  6.95971553e-02
 -4.90128947e-02  7.22170417e-02  6.24275786e-02 -4.28807977e-02
  7.23540262e-02  8.82729427e-02 -4.66034434e-02 -7.48899644e-02
 -3.78180698e-02  1.87381671e-02  2.49677071e-02 -1.09424481e-01
  6.17777537e-02  5.62673855e-02 -1.69344209e-01 -3.08102861e-02
 -8.19854566e-03  5.31318971e-03 -4.15668731e-02  1.56417926e-02
  1.77492524e-02 -1.43842167e-02  7.22188193e-02 -3.89080133e-03
 -2.47929589e-02 -7.67233861e-02  3.87684248e-02 -5.11358117e-02
 -5.81226366e-02 -6.53269525e-02 -1.35294233e-03  1.91099859e-01
  5.08188143e-02 -7.06521611e-02 -2.28738567e-02  9.24051679e-02
  4.63271301e-02  1.37685881e-01  5.27249975e-02  4.73126846e-02
  2.51099467e-01 -1.19615087e-02  9.75997947e-02  4.91579370e-02
  1.08786568e-01 -9.64421855e-02 -6.82730098e-02  2.15768346e-01
 -3.72135973e-02  5.33622798e-02 -1.47275447e-01  1.21642930e-02
  2.01678680e-02 -2.06897009e-01  9.11682310e-02 -2.31377240e-01
  2.71050309e-01  6.36133066e-02 -1.15646031e-01  1.09979967e-02
 -5.02697654e-02  5.44655334e-02  8.90866783e-02 -1.43026990e-02
 -3.61795955e-02 -1.10684154e-01 -5.22956021e-02  1.85348159e-02
 -4.94224832e-02  5.64089317e-02 -5.96634206e-02 -6.40610489e-02
  1.06137860e-01 -6.24818835e-01  1.20495524e-01 -2.16920532e-02
 -5.42705360e-03  4.77345709e-02  6.47709930e-02 -1.86862441e-01
  1.60414321e-01 -1.02417554e-01  5.33644247e-02 -9.27227241e-03
  1.95581649e-02 -2.05366160e-02 -4.93911267e-02 -4.63939740e-02
  9.44144307e-02 -6.95334447e-02  4.49255888e-02 -1.33845756e-02
  3.77654349e-02  6.41859443e-02 -4.40371282e-02 -1.52718305e-01
  4.13034062e-02 -3.00022868e-02 -1.19153322e-02 -3.86074797e-02
 -1.25882842e-01  5.48448809e-02  8.91272626e-02  3.82441936e-02
  4.48671174e-03 -2.66074086e-03 -2.53897793e-02 -1.83194040e-02
 -1.36491311e+00  1.18894689e-01  9.96341700e-02  2.67674105e-03
  2.93798007e-02 -4.33546636e-02 -1.16728766e-01  8.36433671e-02
 -4.26146554e-02 -7.61123453e-02 -2.50304654e-02  6.06097013e-02
  6.85326677e-02  1.43982376e-02 -5.01557666e-02 -2.79928086e-02
 -6.51977993e-02 -3.72434075e-02  1.14253913e-02 -3.44876815e-02
 -2.82429212e-02  3.84906332e-02 -7.41762975e-02 -4.96278352e-02
 -2.51627045e-02 -1.05049621e-01  8.47171324e-02 -6.74581723e-02
  1.51527502e-01  2.08333870e-02 -2.99094349e-02 -3.05056636e-02
  4.75236686e-02 -1.17231395e-01 -5.95877615e-02  7.65994476e-02
 -4.02375991e-02 -1.06780100e-03 -1.99380656e-02 -4.60847172e-02
  9.18453381e-03 -4.09030138e-02 -1.18871789e-01 -8.71827804e-02
 -8.68982936e-03 -3.06282894e-02 -3.17958769e-02 -7.12083338e-02
  7.77287794e-02  6.27898490e-02  5.19963393e-02  1.04729912e-02
 -7.39074163e-02  9.79408389e-03  4.42450196e-02  1.19101356e-01
 -1.65237948e-02 -1.17788991e-01  3.50244508e-02  2.11224918e-01
 -3.13266363e-02 -6.88797337e-02 -4.40971250e-02 -2.71669453e-02
  1.72195122e-01  3.43799835e-02  5.41558230e-02 -1.86696363e-02
  4.37796878e-02 -1.82613412e-03 -4.85538250e-02 -1.16661636e-01
 -7.60691446e-02 -1.19005341e-01  9.05544513e-02  1.17948326e-01
 -5.58291295e-02  3.52724435e-02 -1.98541287e-01  4.04030696e-02
  5.39202981e-02 -9.43769707e-03 -5.26993954e-02  5.83048533e-02
  2.80162046e-02 -2.47091557e-02 -3.67159680e-02  1.01919188e-01
 -3.93925161e-02 -3.81433314e-02 -1.08548495e-01 -1.53753272e-02
  1.14501064e-01  8.98409930e-02 -4.79687355e-02 -6.38536201e-02
  2.67527922e-03 -8.97993748e-02 -9.30366051e-02  8.19735160e-02
  6.89128269e-02  4.52086904e-02  1.72785800e-02  1.17029090e-01
  1.15668622e-01 -1.72922846e-01 -7.12695412e-02 -5.13283218e-02
 -1.55903850e-01  1.87039724e-01  6.67009963e-02 -8.82875440e-02
 -7.96612630e-02 -1.62634851e-02  4.59789350e-02  1.92090642e-01
  6.34533320e-02 -6.82340262e-02 -4.56557389e-02  2.93411164e-02
  7.23385634e-02  1.57284315e-01  4.59243752e-02  3.31673473e-02
  7.60238443e-02 -6.91276879e-02 -2.89042231e-02  9.41559881e-02
  3.47590299e-01  9.01036165e-02  8.24192087e-02 -1.91126762e-02
 -6.71921933e-02 -1.56678824e-01 -1.11337738e-01  4.53233512e-02
  2.40938456e-02  4.02522910e-02  2.96911413e-02  1.86502234e-01
  1.62943117e-01 -1.91133111e-02 -8.56149002e-04 -8.74716318e-02
 -5.52509189e-02 -9.24477746e-02  1.14739963e-01 -1.09156634e-01
  1.38694756e-01 -5.07450529e-03 -1.51440158e-01  2.65065027e-02
 -5.41229248e-02 -5.66889317e-02  4.68371546e-02 -3.20553172e-02
 -6.06782956e-02 -1.25042319e-02  3.69664208e-02  5.94835437e-02]"
4,Sisko,"[-1.23295808e-02  1.76673545e-01 -1.77916329e-01 -8.82932168e-02
  7.14019572e-02 -1.36114671e-03  2.00639778e-04 -1.21975094e-01
 -3.80528774e-02  2.18180271e+00 -1.92698669e-01  5.69742970e-02
  1.14602631e-01 -4.67514460e-02 -1.67277148e-01 -6.26122198e-02
 -7.44555781e-02  1.01616898e+00 -2.01197515e-01 -1.79369575e-02
  5.46618083e-02 -1.18626780e-02 -2.28433630e-02 -2.30772457e-02
 -2.92137435e-02  2.78649056e-02 -1.05158885e-01 -7.95605218e-02
  1.09208254e-01 -8.77156597e-02 -5.19843208e-02  7.03232671e-02
 -5.41260816e-02  7.48832186e-02  5.95296563e-02 -4.94536108e-02
  5.25728686e-02  7.54912797e-02 -5.52661513e-02 -6.78225699e-02
 -3.60704624e-02  1.69117434e-02  2.20411627e-02 -1.04358541e-01
  5.45301711e-02  5.44066850e-02 -1.61323904e-01 -2.76955915e-02
 -1.26751362e-02  3.92921045e-03 -3.30436594e-02  2.24271346e-02
  1.28928283e-02 -8.33100529e-03  7.26681050e-02  6.96906046e-03
 -2.62288348e-02 -7.76092978e-02  3.17615667e-02 -5.47607210e-02
 -5.98119650e-02 -6.11163368e-02 -6.13701053e-03  1.83009388e-01
  4.31215101e-02 -6.92902492e-02 -2.48349695e-02  8.16255191e-02
  5.01759405e-02  1.29449828e-01  4.84290357e-02  4.67495330e-02
  2.33403661e-01 -1.63532824e-02  9.35872955e-02  4.60415727e-02
  1.00681092e-01 -8.75011246e-02 -5.75436989e-02  2.16375457e-01
 -3.30801002e-02  5.45840225e-02 -1.44004461e-01  1.88405047e-02
  2.69021315e-02 -2.07457604e-01  9.60423843e-02 -2.39333550e-01
  2.64991004e-01  5.81702790e-02 -1.05073459e-01  2.97619172e-03
 -4.22437005e-02  5.55493187e-02  9.87376079e-02 -2.47497394e-02
 -3.55499598e-02 -1.03487054e-01 -6.23079815e-02  1.26926277e-02
 -4.17880121e-02  5.36805732e-02 -6.39541326e-02 -5.88786946e-02
  1.03256392e-01 -6.18291750e-01  1.07759728e-01 -2.19127084e-02
 -4.48261543e-03  4.59490820e-02  5.13797422e-02 -1.64158365e-01
  1.41634710e-01 -1.05258296e-01  4.44016279e-02 -1.77997590e-02
  2.23750084e-02 -3.07676834e-02 -4.97471459e-02 -5.80273514e-02
  9.14689979e-02 -5.98344537e-02  4.22826314e-02  4.95330462e-04
  2.63254630e-02  7.24265803e-02 -3.76861932e-02 -1.51954953e-01
  4.25791738e-02 -2.28191111e-02 -8.58653453e-03 -4.15518150e-02
 -1.17516168e-01  4.09493411e-02  8.44683350e-02  4.31295096e-02
  1.53028511e-03 -9.42136260e-03 -2.11489976e-02 -2.73110533e-02
 -1.32343885e+00  1.20954784e-01  9.98905734e-02  1.24605132e-03
  2.16702252e-02 -2.82364063e-02 -9.71302041e-02  6.82334527e-02
 -4.90935602e-02 -7.67384174e-02 -3.16257520e-02  4.95061004e-02
  8.30611448e-02  1.83934407e-02 -4.23893438e-02 -2.52447321e-02
 -6.53202474e-02 -4.79142840e-02  2.25282139e-03 -2.81245120e-02
 -2.70138161e-02  3.88286552e-02 -7.28936548e-02 -3.98645605e-02
 -3.25983567e-02 -1.11503857e-01  7.86418604e-02 -6.08453703e-02
  1.44460705e-01  1.64987699e-02 -3.16304566e-02 -2.96846661e-02
  4.42879225e-02 -1.16033025e-01 -5.52892870e-02  7.63957475e-02
 -4.41032325e-02 -8.48560003e-04 -2.99450572e-02 -4.88296706e-02
  7.89564943e-03 -5.06955925e-02 -1.22576765e-01 -8.85767715e-02
 -1.17008601e-02 -2.37698321e-02 -3.33146379e-02 -6.61652005e-02
  7.66844142e-02  5.68032696e-02  4.42711289e-02  1.62489043e-02
 -7.87761215e-02  4.61906267e-03  4.89342703e-02  1.10137754e-01
 -9.19844964e-03 -1.27025947e-01  2.62706631e-02  2.10407452e-01
 -3.73867195e-02 -5.83703488e-02 -4.86155508e-02 -3.09099560e-02
  1.71906519e-01  2.59906168e-02  5.59560041e-02 -1.72209519e-02
  4.44662824e-02  1.54443892e-05 -5.52689909e-02 -1.00806056e-01
 -7.28487972e-02 -1.16244229e-01  8.65502258e-02  1.15782610e-01
 -6.15331263e-02  2.44580694e-02 -1.87317566e-01  4.60570205e-02
  5.34107329e-02 -6.93275472e-04 -4.81646429e-02  5.55769313e-02
  2.01922440e-02 -1.29772148e-02 -3.41093539e-02  1.03623424e-01
 -3.46202796e-02 -4.14829591e-02 -1.14318948e-01 -3.78977914e-03
  1.08788593e-01  9.53659345e-02 -6.60483760e-02 -6.71690362e-02
 -5.71557431e-03 -9.00939092e-02 -8.78689231e-02  8.64200383e-02
  7.40036318e-02  4.70225803e-02  1.36947780e-02  1.04833452e-01
  1.18546606e-01 -1.68674506e-01 -6.25411474e-02 -5.49623764e-02
 -1.45244370e-01  1.81202689e-01  7.53674262e-02 -7.78499359e-02
 -6.95777338e-02 -1.92944059e-02  4.55423047e-02  1.82554438e-01
  6.27989026e-02 -6.85507784e-02 -4.69260638e-02  2.34734176e-02
  8.38898754e-02  1.48825004e-01  4.05120158e-02  4.50804380e-02
  6.22931129e-02 -6.84800096e-02 -2.73167903e-02  8.43049756e-02
  3.37125970e-01  7.55052019e-02  7.44636694e-02 -2.52752322e-02
 -6.37073401e-02 -1.37939697e-01 -1.10393680e-01  4.31182552e-02
  2.09668716e-02  4.52835111e-02  2.72609700e-02  1.79042241e-01
  1.69186805e-01 -1.28516320e-02  9.67817632e-03 -8.70126597e-02
 -5.98541867e-02 -8.23899188e-02  1.09575653e-01 -9.75238100e-02
  1.39273570e-01 -1.11277880e-02 -1.40464436e-01  2.71193604e-02
 -5.65762022e-02 -5.75628368e-02  4.82790233e-02 -3.29569256e-02
 -4.76220190e-02 -1.36868235e-02  2.82061118e-02  6.12202975e-02]"
5,Picard,"[-1.94637725e-02  1.72056397e-01 -1.61701589e-01 -8.54408107e-02
  6.65294147e-02  1.07110329e-02  2.24582869e-04 -1.17802830e-01
 -3.72559006e-02  2.12655446e+00 -1.82355821e-01  5.00230696e-02
  1.05307890e-01 -3.88472804e-02 -1.54974978e-01 -6.91986418e-02
 -7.10091930e-02  1.06364011e+00 -1.95035674e-01 -1.99461762e-02
  3.66078415e-02 -2.09806107e-02 -3.57117443e-02 -2.48719581e-02
 -8.35132462e-03  3.11066451e-02 -9.35335274e-02 -6.57180356e-02
  9.50331480e-02 -6.37853287e-02 -3.89885686e-02  5.43064081e-02
 -4.75215212e-02  7.96173680e-02  3.93870706e-02 -5.28612121e-02
  5.04415692e-02  6.35180658e-02 -5.30347168e-02 -7.33454549e-02
 -3.15985147e-02  1.12441820e-02  3.25342763e-02 -9.60484527e-02
  4.16227557e-02  4.31566786e-02 -1.48780224e-01 -1.95191369e-02
 -3.51041043e-03  1.45658838e-02 -1.50020390e-02  1.59389778e-02
  6.30171901e-03 -5.05648499e-03  5.33482078e-02  1.19413714e-02
 -1.73421239e-02 -6.59692526e-02  3.26076951e-02 -5.47963981e-02
 -5.42195500e-02 -3.66076300e-02  1.08712277e-02  1.69045114e-01
  2.90266070e-02 -5.00667210e-02 -1.98835686e-02  7.72972007e-02
  3.93412412e-02  1.16112970e-01  4.54489880e-02  3.65582827e-02
  2.16417937e-01 -1.96528538e-02  9.09519721e-02  3.47864466e-02
  8.28405027e-02 -8.79515049e-02 -4.69968140e-02  2.18545017e-01
 -4.64714125e-02  5.06869006e-02 -1.34439446e-01  3.24190342e-02
  3.37819151e-02 -2.19728743e-01  8.76737618e-02 -2.11529342e-01
  2.44966981e-01  5.51019638e-02 -9.24581727e-02  1.30327841e-02
 -3.55273146e-02  4.96493985e-02  8.64036219e-02 -4.20097034e-02
 -5.22956309e-02 -1.00876000e-01 -6.93658865e-02  1.71296777e-02
 -3.91477362e-02  4.49671918e-02 -7.06434635e-02 -4.41034033e-02
  8.14835752e-02 -6.48966330e-01  9.57121840e-02 -1.61278286e-02
  6.20165073e-03  4.76566037e-02  4.40918544e-02 -1.40846669e-01
  1.28851766e-01 -1.09662274e-01  4.16093408e-02 -1.27825408e-02
  2.56127473e-02 -3.16008825e-02 -4.69826884e-02 -6.16885938e-02
  7.80809037e-02 -3.94769068e-02  3.66708045e-02  1.41352195e-02
  7.94350593e-03  6.55025557e-02 -3.25936237e-02 -1.45184823e-01
  4.17364139e-02 -1.68571395e-02  6.42042270e-03 -4.33055313e-02
 -1.07137932e-01  2.30218537e-02  7.20281105e-02  5.61837249e-02
  1.02501496e-03 -1.76938960e-02 -9.19962738e-03 -2.25255874e-02
 -1.20127978e+00  1.20204447e-01  1.03723006e-01  3.57514548e-03
  2.55703598e-02 -1.62084457e-02 -8.29791220e-02  5.46295982e-02
 -4.85087484e-02 -7.11238032e-02 -2.63204223e-02  4.20963283e-02
  8.73096163e-02  3.24167558e-02 -3.08002115e-02 -1.21953576e-02
 -6.63714731e-02 -4.23770169e-02  5.47521418e-03 -2.52550245e-02
 -6.92565165e-03  2.98024769e-02 -6.08520935e-02 -4.44729354e-02
 -3.17957057e-02 -1.00274123e-01  7.65884435e-02 -5.42592741e-02
  1.31363740e-01  2.21271451e-02 -2.26033513e-02 -2.20428555e-02
  4.32901527e-02 -9.21459891e-02 -5.56747380e-02  8.06704277e-02
 -2.92955867e-02 -1.14609557e-02 -3.43906623e-02 -4.48628720e-02
  5.69978434e-03 -4.51403629e-02 -9.18856643e-02 -9.19805507e-02
 -1.43438862e-02 -2.81772098e-02 -3.62453885e-02 -5.47037249e-02
  6.45603903e-02  4.73903227e-02  3.64121314e-02  1.77408619e-02
 -6.92950580e-02  2.10898085e-02  2.86983422e-02  9.72973609e-02
 -3.89826606e-03 -1.19303633e-01  1.85081759e-02  2.13685996e-01
 -3.94506411e-02 -5.39146841e-02 -4.56495531e-02 -1.49362648e-02
  1.64429016e-01  1.70779965e-02  4.76477942e-02 -1.00657729e-02
  2.88098224e-02  1.13807812e-03 -5.92157142e-02 -9.36788080e-02
 -6.99576088e-02 -1.08766147e-01  8.84892256e-02  1.07328529e-01
 -5.51870047e-02  4.23810636e-02 -1.76425656e-01  4.67933332e-02
  4.70744070e-02  8.30352472e-03 -3.92559969e-02  6.48335225e-02
  3.10219947e-02 -9.42085601e-03 -3.68549874e-02  9.15133982e-02
 -2.99566782e-02 -3.99718359e-02 -1.06841392e-01  5.60758744e-03
  9.51607988e-02  9.68646543e-02 -8.04272933e-02 -5.72154714e-02
 -2.04131295e-02 -8.28255580e-02 -8.66406970e-02  6.61520170e-02
  6.91279380e-02  4.11616678e-02  8.99145161e-03  8.01504724e-02
  1.18800895e-01 -1.60334458e-01 -5.11250534e-02 -6.41130645e-02
 -1.38497898e-01  1.59814264e-01  8.67771248e-02 -5.83763932e-02
 -6.26707110e-02 -1.67361608e-02  3.90093311e-02  1.66813296e-01
  7.61389262e-02 -6.67005380e-02 -3.68373657e-02  2.67762728e-02
  8.55869321e-02  1.33848472e-01  2.81333630e-02  4.98683122e-02
  3.21996946e-02 -7.41324398e-02 -2.49385825e-02  8.40565325e-02
  3.43684450e-01  5.92780316e-02  5.33659624e-02 -1.25010887e-02
 -4.30692645e-02 -1.28262853e-01 -1.09014657e-01  4.02919991e-02
  1.56053061e-02  5.39424470e-02  2.62080281e-02  1.73717149e-01
  1.78298747e-01 -5.36563664e-03  2.56420264e-02 -9.63520330e-02
 -4.79953243e-02 -8.03435055e-02  1.04241714e-01 -9.05329951e-02
  1.45346356e-01 -2.18987005e-02 -1.36080366e-01  3.29513818e-02
 -5.54640100e-02 -4.96186250e-02  4.82797776e-02 -2.27417834e-02
 -4.39632190e-02 -1.78363451e-02  1.57463906e-04  4.45076933e-02]"
6,Data,"[-1.43964174e-02  1.65841481e-01 -1.43905155e-01 -8.66712592e-02
  4.91899137e-02  1.37858290e-02 -6.67794654e-03 -1.06307063e-01
 -4.12760008e-02  2.04397425e+00 -1.52935795e-01  7.15638397e-02
  1.01452081e-01 -2.42331859e-02 -1.25174084e-01 -7.17569700e-02
 -5.78143499e-02  1.12793479e+00 -1.82919238e-01 -2.88668048e-02
  4.18097374e-03 -3.96956239e-02 -5.07235885e-02 -1.79282857e-02
  1.43795452e-02  2.87570616e-02 -8.27745375e-02 -5.24116217e-02
  6.40670367e-02 -3.55856211e-02 -5.31688193e-02  4.19304685e-02
 -4.62182731e-02  7.73984694e-02  2.23816916e-02 -5.82586366e-02
  2.67722185e-02  5.57295706e-02 -4.04906766e-02 -8.12436741e-02
 -5.23918450e-03  3.12980571e-04  3.77275782e-02 -7.84044578e-02
  4.91530768e-02  1.82255819e-02 -1.33461076e-01 -1.43378947e-02
 -1.08023552e-02  6.47246767e-03  1.17888598e-03  2.62994531e-02
 -4.65446888e-03  1.11262103e-02  3.17587664e-02  9.67268366e-03
 -1.41602281e-03 -5.41823960e-02  2.48186680e-02 -5.07877238e-02
 -3.74866365e-02 -1.08222578e-02  2.76750946e-02  1.63399335e-01
 -1.27807460e-02 -5.66916303e-02 -4.83431687e-03  4.87101629e-02
  1.78824257e-02  1.16523129e-01  4.04136544e-02  1.97457291e-02
  1.84094898e-01 -1.93514524e-02  7.79565493e-02  1.40343564e-02
  5.90176528e-02 -7.61494244e-02 -4.68287107e-02  1.97573470e-01
 -5.94822626e-02  4.98698612e-02 -1.19621419e-01  2.93649741e-02
  5.37165400e-02 -2.47918027e-01  8.19613703e-02 -1.55223086e-01
  1.93415157e-01  5.44940456e-02 -7.69918554e-02  3.51110119e-02
 -4.32184070e-02  4.59935184e-02  8.15905903e-02 -6.20231264e-02
 -2.37325573e-02 -7.57216362e-02 -8.44926096e-02  1.11923161e-02
 -3.47696121e-02  3.23582523e-02 -7.84562838e-02 -2.28367806e-02
  7.59422878e-02 -7.29367777e-01  6.30776431e-02 -3.49332461e-03
  1.31634657e-02  4.43963415e-02  2.14131631e-02 -1.17487038e-01
  1.02490869e-01 -1.11790704e-01  2.49830308e-02 -7.97962294e-03
  9.95653842e-03 -1.66888184e-02 -4.24677541e-02 -5.87316654e-02
  5.58390073e-02 -2.62285072e-02  3.23896665e-02  2.20918240e-03
 -1.36714457e-02  6.44428672e-02 -2.73867517e-02 -1.29421500e-01
  2.20074973e-02 -9.95363142e-03  2.13451932e-02 -3.22545346e-02
 -1.09485470e-01  1.44676267e-02  8.15112278e-02  5.41325709e-02
  2.00448601e-03 -5.16678567e-03  7.49349456e-03 -1.40671472e-02
 -1.06203437e+00  1.25455527e-01  9.18504587e-02  1.72521082e-02
  3.14170881e-02  7.36983824e-04 -7.35683905e-02  2.81642572e-02
 -2.10199995e-02 -6.25319131e-02 -3.22530783e-02  2.53540135e-02
  9.26661384e-02  5.44164460e-02 -3.63233644e-02 -4.16452327e-03
 -7.17703887e-02 -1.39108031e-02  2.32921180e-04 -4.10962994e-02
  2.72721278e-02  3.77993537e-03 -2.26092804e-02 -4.72345548e-02
 -5.62885622e-02 -9.93990522e-02  6.25415377e-02 -4.10807202e-02
  1.19887352e-01  1.74458931e-02 -4.19555216e-03 -1.95370640e-02
  3.70944214e-02 -9.43997922e-02 -6.51636737e-02  6.56759911e-02
 -1.66200810e-02 -2.63947316e-02 -3.32324547e-02 -6.75246082e-02
 -2.03845467e-02 -2.63740235e-02 -8.50505476e-02 -8.77099763e-02
 -3.85688898e-02 -3.81500779e-02 -2.89573090e-02 -3.77297007e-02
  7.22526065e-02  2.98483595e-02  3.05708528e-02  1.37985803e-02
 -7.79590922e-02  3.43028191e-02  1.82160738e-02  8.97729231e-02
 -8.79767335e-03 -1.14838996e-01 -3.15022126e-02  1.78440577e-01
 -2.95880748e-02 -4.58418550e-02 -4.41077099e-02  2.28478565e-02
  1.58151669e-01  6.76913961e-03  3.52538029e-02 -1.02397670e-02
  1.14126687e-02  1.79352239e-03 -5.88705332e-02 -7.09990328e-02
 -6.52261627e-02 -1.20131645e-01  7.60060330e-02  9.23591137e-02
 -5.44504157e-02  4.43632278e-02 -1.32730306e-01  4.65558128e-02
  5.78438164e-02  5.39015426e-03 -1.84670467e-02  6.38453974e-02
  1.98555762e-02 -1.05157726e-02 -1.28700838e-02  7.46027816e-02
 -1.25689934e-02 -1.90271692e-02 -7.39323624e-02  3.02752250e-03
  7.49378595e-02  9.62179701e-02 -8.79084862e-02 -5.37675555e-02
 -3.07483380e-02 -6.71174218e-02 -8.44239710e-02  5.54227839e-02
  5.15887893e-02  4.85937457e-02  1.44465083e-02  7.33286823e-02
  1.01284825e-01 -1.47977556e-01 -3.93919678e-02 -6.01442071e-02
 -1.21964401e-01  1.16445737e-01  7.24675187e-02 -3.50371506e-02
 -3.60685328e-02 -1.70493596e-02  4.92242938e-02  1.64485141e-01
  8.40870441e-02 -4.76728692e-02 -3.12508687e-02  1.55775279e-02
  1.04875996e-01  1.12048906e-01  1.90388162e-02  5.39256978e-02
  1.33967457e-03 -6.15199524e-02 -9.86336977e-03  7.15768279e-02
  3.43127825e-01  2.20526164e-02  6.99637197e-02 -3.73717967e-03
 -5.44796188e-02 -1.22916558e-01 -1.05777608e-01  2.67549271e-02
  5.73948859e-03  5.11409213e-02  1.78389187e-02  1.71831497e-01
  2.01756362e-01  1.10482434e-02  2.69235375e-02 -9.19015704e-02
 -4.97954378e-02 -8.11438012e-02  7.06530791e-02 -8.68340162e-02
  1.64467331e-01 -1.75157424e-02 -1.36856169e-01  3.11339603e-02
 -5.26266403e-02 -4.81480863e-02  1.99301225e-02  2.68003109e-03
 -3.90074676e-02 -6.07025567e-03 -3.10831449e-02  3.42014568e-02]"
7,Animated Spock,"[-1.55222947e-02  1.66033596e-01 -1.44110426e-01 -7.51274079e-02
  5.98026104e-02  6.28453679e-03 -8.52986984e-03 -8.17101970e-02
 -4.93173376e-02  2.18578219e+00 -1.44313842e-01  5.98379746e-02
  1.02021113e-01 -2.59779934e-02 -1.32232830e-01 -8.30335841e-02
 -6.95186928e-02  1.13375807e+00 -1.88703835e-01 -3.29622030e-02
 -5.62666100e-04 -3.62419821e-02 -5.38198277e-02 -2.24300921e-02
  5.82843181e-03  2.53604669e-02 -8.40296671e-02 -6.29671067e-02
  6.84656501e-02 -4.72513177e-02 -6.34994507e-02  5.34007438e-02
 -5.29784970e-02  7.02238455e-02  3.82286273e-02 -5.41489236e-02
  4.23489325e-02  5.43189533e-02 -4.43890020e-02 -7.54039362e-02
 -1.52756749e-02  1.57012846e-02  4.46116775e-02 -8.11354741e-02
  6.34442493e-02  2.03632819e-03 -1.38803497e-01 -4.29180358e-03
 -4.64934390e-03  8.70097894e-03 -5.81576955e-03  2.04650871e-02
 -8.02789442e-03  9.06866626e-04  3.84490974e-02  1.70242763e-03
 -1.01698861e-02 -5.82126379e-02  3.88662443e-02 -5.50649986e-02
 -3.24606523e-02 -1.35953929e-02  2.84251943e-02  1.65736124e-01
 -1.38255646e-02 -4.71633561e-02 -1.73481833e-02  5.95110878e-02
  1.78589690e-02  1.17900953e-01  3.15978043e-02  1.28213661e-02
  1.82346553e-01 -1.58444811e-02  8.40253755e-02  1.72452275e-02
  5.92561141e-02 -7.97799975e-02 -3.25987786e-02  2.01817006e-01
 -5.28356545e-02  5.25422059e-02 -1.23362958e-01  2.57726572e-02
  6.11765832e-02 -2.64311522e-01  6.08764403e-02 -1.46613643e-01
  2.03051060e-01  5.90230674e-02 -8.12252238e-02  4.52112257e-02
 -4.14834581e-02  4.24191542e-02  9.15000066e-02 -6.52249604e-02
 -3.58460620e-02 -7.98059702e-02 -7.94742107e-02  1.20891184e-02
 -2.80836374e-02  3.30046974e-02 -8.77408981e-02 -3.70225385e-02
  7.17572868e-02 -7.39419401e-01  6.06365390e-02  8.37726332e-03
  2.16541644e-02  4.09941152e-02  3.97048742e-02 -1.20895654e-01
  9.33484137e-02 -1.21353485e-01  2.50754189e-02  1.08301325e-03
  1.04606440e-02 -9.82271880e-03 -4.19134758e-02 -5.37869446e-02
  4.52676304e-02 -3.08003910e-02  3.77402455e-02  3.94814368e-03
 -1.56487748e-02  5.64974621e-02 -2.66134553e-02 -1.31544963e-01
  2.39124410e-02 -1.29597206e-02  1.53776370e-02 -3.75607014e-02
 -1.15324035e-01  7.96421897e-03  7.66113773e-02  5.32766245e-02
  4.22870275e-03 -2.20145341e-02  8.43135733e-03 -1.96927935e-02
 -1.15834284e+00  1.36445612e-01  1.19074360e-01  2.12200042e-02
  3.38401087e-02 -2.76378659e-03 -5.98204061e-02  2.53479462e-02
 -6.12222403e-03 -6.67823851e-02 -2.42312141e-02  1.86452195e-02
  1.06707931e-01  5.05082570e-02 -4.50415425e-02 -2.51471926e-03
 -8.79705399e-02 -8.03487748e-03 -8.14479124e-03 -3.59264463e-02
  3.36582810e-02  1.71111375e-02 -3.25964391e-02 -4.75703664e-02
 -4.11715321e-02 -1.07141025e-01  8.99056420e-02 -3.81507091e-02
  1.28454700e-01  7.70977000e-03  3.47463717e-03 -1.08586717e-02
  3.81394848e-02 -8.50977749e-02 -6.53614253e-02  6.80705607e-02
 -1.62406880e-02 -3.58429328e-02 -3.08553129e-02 -6.87635541e-02
  4.89409780e-04 -2.85051595e-02 -7.55110383e-02 -8.81171748e-02
 -3.71528007e-02 -4.75607291e-02 -3.29259485e-02 -3.25032547e-02
  7.42721632e-02  3.27570997e-02  3.26907448e-02  2.28544697e-02
 -6.43528998e-02  5.24968989e-02  1.47310831e-02  9.19170901e-02
  1.39528140e-03 -9.52511877e-02 -1.99000090e-02  2.00071454e-01
 -3.97036411e-02 -4.88226376e-02 -4.26938608e-02  2.15417929e-02
  1.61223561e-01  2.51788143e-02  4.01772112e-02 -1.37567623e-02
  1.33896787e-02 -1.57138647e-03 -6.22101240e-02 -8.70024264e-02
 -5.72716407e-02 -1.16497926e-01  7.93811008e-02  1.03918619e-01
 -3.74402925e-02  5.41565679e-02 -1.41211733e-01  3.90336663e-02
  5.73967695e-02  1.72031252e-03 -2.62851007e-02  5.83422445e-02
  2.73041930e-02 -1.70296729e-02 -2.23997124e-02  9.13140103e-02
 -1.96140818e-02 -7.41641689e-03 -7.58497268e-02  2.15337472e-03
  8.92824605e-02  9.74658355e-02 -6.56231269e-02 -4.78412136e-02
 -2.94705685e-02 -6.16788939e-02 -8.77796486e-02  4.31056172e-02
  5.29962592e-02  5.36435619e-02  2.58380221e-03  7.54812509e-02
  1.02006853e-01 -1.36216506e-01 -7.39246458e-02 -7.97861516e-02
 -1.36273444e-01  1.19457990e-01  7.75837749e-02 -4.03418504e-02
 -3.43022980e-02 -2.52975971e-02  3.74924466e-02  1.83303371e-01
  7.84904286e-02 -4.91712093e-02 -3.28864902e-02  3.25860642e-02
  1.04592115e-01  1.32772326e-01  1.93018857e-02  6.08310141e-02
  1.45735526e-02 -5.33984937e-02 -2.63341628e-02  7.22483248e-02
  3.31106812e-01  3.14102769e-02  5.44747822e-02 -9.01996566e-04
 -5.90762869e-02 -1.30130962e-01 -1.10735573e-01  2.48696543e-02
  2.10308237e-03  7.22895190e-02  1.98472980e-02  1.77958950e-01
  1.97928637e-01  1.05077000e-02  2.63957717e-02 -1.04198135e-01
 -5.30576743e-02 -8.93759131e-02  7.41805583e-02 -1.01277307e-01
  1.75336316e-01 -2.15365067e-02 -1.59634754e-01  2.49252673e-02
 -5.20504192e-02 -5.68790101e-02 -3.54298274e-03  2.38050036e-02
 -4.03351486e-02 -2.59150248e-02 -1.76999010e-02  8.04346520e-03]"
8,Animated Kirk,"[-3.04878019e-02  1.77344695e-01 -1.52106494e-01 -8.67319703e-02
  7.81751946e-02  3.07424250e-03 -1.49608105e-02 -1.03218727e-01
 -3.59660126e-02  2.12805104e+00 -1.77088097e-01  2.85921935e-02
  1.18416682e-01 -3.32814530e-02 -1.70196265e-01 -6.89264014e-02
 -5.97178265e-02  1.08422351e+00 -1.90946892e-01 -1.95800513e-02
  4.41665016e-02 -6.44644443e-03 -2.88301520e-02 -2.33141389e-02
 -1.20849451e-02  2.24625189e-02 -1.20007388e-01 -5.36424816e-02
  1.02768093e-01 -5.86725697e-02 -4.59720120e-02  5.71265705e-02
 -6.68388009e-02  9.00536254e-02  3.93494219e-02 -5.34110740e-02
  5.03425747e-02  8.83162022e-02 -4.36120108e-02 -5.51520362e-02
 -3.66069712e-02  7.35308649e-03  2.78444421e-02 -9.16300863e-02
  4.88303527e-02  4.58699539e-02 -1.37578756e-01 -2.07127631e-02
 -4.15318320e-03  1.48607707e-02  2.47396738e-03  1.82406120e-02
  9.32157785e-03  3.31758696e-04  5.38102537e-02 -1.31233071e-03
 -2.49783918e-02 -5.44577427e-02  3.87323834e-02 -6.00252263e-02
 -4.94607724e-02 -2.33399551e-02  2.24688668e-02  1.66756883e-01
  4.80088294e-02 -5.44804297e-02 -3.38630751e-02  8.80445614e-02
  3.92118134e-02  1.05423115e-01  4.26892415e-02  2.39401609e-02
  2.23515660e-01 -1.41353328e-02  9.98425931e-02  3.24608944e-02
  7.28683770e-02 -8.90222415e-02 -3.14532816e-02  2.20090881e-01
 -4.88287397e-02  5.60237877e-02 -1.27867162e-01  3.74000371e-02
  3.47170644e-02 -2.31212050e-01  1.28416568e-01 -2.05572903e-01
  2.51507729e-01  5.35248183e-02 -8.34249258e-02  2.21048873e-02
 -3.38848345e-02  4.99658063e-02  1.02286562e-01 -4.56056781e-02
 -4.58837040e-02 -1.00491948e-01 -7.05935061e-02  9.44521744e-03
 -2.88765822e-02  3.38768996e-02 -8.25870335e-02 -4.81592007e-02
  6.89995363e-02 -6.61906183e-01  1.08140364e-01 -1.90289076e-02
  4.09528380e-03  4.99010049e-02  5.60972318e-02 -1.41072869e-01
  1.35501564e-01 -1.28773436e-01  5.66501468e-02 -3.79843754e-03
  3.80758606e-02 -2.65438296e-02 -6.10610209e-02 -4.22587916e-02
  7.18914717e-02 -3.20086442e-02  4.43231650e-02  1.35849398e-02
 -3.34124104e-03  4.27374579e-02 -2.95059700e-02 -1.39906749e-01
  3.87039818e-02 -2.41262186e-02  2.52567988e-04 -4.40627635e-02
 -1.03373125e-01  3.05743329e-03  6.08065911e-02  5.66290766e-02
  7.13660568e-03 -4.16096067e-03 -1.67148411e-02 -3.68086398e-02
 -1.26947248e+00  1.16399065e-01  1.04540735e-01 -2.32271361e-03
  4.30536494e-02  5.39951306e-03 -6.82388172e-02  5.39126173e-02
 -4.24474292e-02 -7.81204328e-02 -9.92279314e-03  2.69829612e-02
  9.41246822e-02  4.23248708e-02 -3.13350707e-02 -7.78315915e-03
 -6.29829243e-02 -4.11606953e-02  1.29469745e-02  3.41270911e-03
  1.00829266e-02  3.51991206e-02 -9.24111530e-02 -3.81439030e-02
 -1.46071250e-02 -1.08710542e-01  9.57650468e-02 -6.14012703e-02
  1.27072528e-01  3.27440016e-02 -5.42706391e-03 -1.02333175e-02
  3.16552073e-02 -8.11853781e-02 -6.19086362e-02  8.96304920e-02
 -1.47637511e-02 -4.92468616e-03 -2.04953756e-02 -6.25005215e-02
  1.00575630e-02 -3.71128656e-02 -8.66221339e-02 -8.61473531e-02
 -4.17362805e-03 -2.32601445e-02 -2.54346989e-02 -5.41632995e-02
  7.81075507e-02  3.73276435e-02  4.47167344e-02  1.06193358e-02
 -4.86256741e-02  2.18476616e-02  4.49019484e-03  1.21660389e-01
 -8.19772203e-03 -1.06848903e-01  2.20376682e-02  2.24804208e-01
 -6.23943619e-02 -5.57785518e-02 -3.29299346e-02 -8.15744884e-03
  1.72208428e-01  1.82324201e-02  4.03930843e-02 -2.30023600e-02
  2.86663193e-02 -1.07288212e-02 -6.25431314e-02 -1.01338349e-01
 -6.45838901e-02 -9.72683504e-02  9.20217335e-02  1.01744138e-01
 -4.89993207e-02  6.00035004e-02 -1.75382435e-01  3.70462015e-02
  4.89389338e-02  3.87947191e-03 -4.53308113e-02  6.01950176e-02
  3.05809863e-02 -2.21566465e-02 -4.88035195e-02  9.47971269e-02
 -1.84141230e-02 -3.13763432e-02 -9.57196131e-02  6.14123465e-03
  1.00223459e-01  9.39134508e-02 -7.18591958e-02 -4.93556038e-02
 -1.99757107e-02 -8.61653015e-02 -7.28298798e-02  4.93585095e-02
  6.91217929e-02  3.18278633e-02  1.17953131e-02  7.55772069e-02
  1.11406356e-01 -1.37108773e-01 -7.96732828e-02 -6.65257424e-02
 -1.58960760e-01  1.46204203e-01  9.05628130e-02 -5.76290339e-02
 -5.38175888e-02 -1.74810477e-02  4.30138186e-02  1.71986461e-01
  7.38991573e-02 -5.38211502e-02 -3.98897864e-02  3.29179242e-02
  8.37690756e-02  1.30762264e-01  3.61008160e-02  4.92938794e-02
  3.88608985e-02 -7.98938274e-02 -3.38493660e-02  8.41378197e-02
  3.26907814e-01  7.22975209e-02  4.66032475e-02 -1.15295434e-02
 -2.82991044e-02 -1.23781562e-01 -1.16441287e-01  3.65768708e-02
  1.35628302e-02  5.85070252e-02  2.05002706e-02  1.66007474e-01
  1.75115645e-01 -1.78789273e-02  1.59211773e-02 -8.65790918e-02
 -4.62692268e-02 -9.19182524e-02  1.06806204e-01 -1.08465075e-01
  1.43791616e-01 -3.51548381e-02 -1.53533176e-01  1.96962543e-02
 -4.37059179e-02 -5.39061204e-02  1.79581437e-02 -1.98810156e-02
 -4.80534211e-02 -1.19660245e-02 -1.02026751e-02  2.57679895e-02]"
